city,date,temp,humidity,weather_main,weather_desc,wind_speed
Bathinda,2025-01-01,23.53,51,Clear,clear sky,7.92
Malout,2025-01-01,36.73,79,Rain,moderate rain,7.34
Mohali,2025-01-01,25.56,69,Clouds,light rain,8.36
Rajpura,2025-01-01,33.96,60,Clouds,clear sky,7.01
Patiala,2025-01-01,32.96,75,Rain,clear sky,8.2
Bathinda,2025-01-02,33.4,49,Rain,overcast clouds,9.07
Malout,2025-01-02,29.48,43,Clouds,light rain,9.58
Mohali,2025-01-02,35.96,41,Rain,light rain,8.94
Rajpura,2025-01-02,27.92,86,Rain,overcast clouds,8.5
Patiala,2025-01-02,23.34,64,Clear,light rain,8.24
Bathinda,2025-01-03,22.35,48,Clear,moderate rain,3.68
Malout,2025-01-03,36.07,83,Clouds,clear sky,9.58
Mohali,2025-01-03,35.99,62,Clouds,moderate rain,6.62
Rajpura,2025-01-03,21.58,84,Clouds,overcast clouds,5.34
Patiala,2025-01-03,28.4,72,Rain,moderate rain,9.36
Bathinda,2025-01-04,26.22,55,Clear,overcast clouds,3.49
Malout,2025-01-04,20.45,59,Rain,clear sky,3.12
Mohali,2025-01-04,23.71,67,Clouds,overcast clouds,6.08
Rajpura,2025-01-04,28.49,61,Clouds,clear sky,7.07
Patiala,2025-01-04,20.15,48,Clear,scattered clouds,2.7
Bathinda,2025-01-05,36.06,55,Rain,moderate rain,3.45
Malout,2025-01-05,31.23,64,Rain,scattered clouds,6.97
Mohali,2025-01-05,39.79,84,Rain,light rain,5.12
Rajpura,2025-01-05,26.78,64,Rain,clear sky,1.43
Patiala,2025-01-05,26.03,79,Clear,clear sky,8.62
Bathinda,2025-01-06,20.79,41,Clear,clear sky,5.11
Malout,2025-01-06,32.8,42,Clouds,moderate rain,4.61
Mohali,2025-01-06,32.35,62,Rain,moderate rain,7.4
Rajpura,2025-01-06,25.91,56,Clear,scattered clouds,9.97
Patiala,2025-01-06,33.13,63,Rain,scattered clouds,8.61
Bathinda,2025-01-07,21.67,55,Rain,scattered clouds,6.47
Malout,2025-01-07,39.28,76,Clouds,scattered clouds,8.72
Mohali,2025-01-07,33.66,74,Clear,scattered clouds,5.95
Rajpura,2025-01-07,23.23,43,Clear,moderate rain,3.04
Patiala,2025-01-07,35.79,57,Clouds,overcast clouds,9.26
Bathinda,2025-01-08,21.99,86,Rain,moderate rain,7.19
Malout,2025-01-08,26.14,56,Clear,light rain,6.87
Mohali,2025-01-08,28.28,76,Rain,scattered clouds,7.45
Rajpura,2025-01-08,22.14,73,Clear,clear sky,3.1
Patiala,2025-01-08,39.82,50,Rain,clear sky,3.8
Bathinda,2025-01-09,36.12,74,Rain,light rain,5.36
Malout,2025-01-09,33.26,41,Clear,moderate rain,4.19
Mohali,2025-01-09,29.24,81,Rain,clear sky,2.32
Rajpura,2025-01-09,34.6,49,Clear,moderate rain,6.42
Patiala,2025-01-09,32.65,87,Clouds,scattered clouds,3.99
Bathinda,2025-01-10,27.22,52,Rain,moderate rain,6.88
Malout,2025-01-10,26.45,59,Clouds,light rain,9.41
Mohali,2025-01-10,27.56,66,Rain,light rain,1.99
Rajpura,2025-01-10,25.14,77,Rain,light rain,9.66
Patiala,2025-01-10,29.37,65,Rain,scattered clouds,2.65
Bathinda,2025-01-11,36.01,47,Clear,scattered clouds,1.05
Malout,2025-01-11,39.5,76,Clouds,overcast clouds,4.89
Mohali,2025-01-11,23.39,58,Rain,scattered clouds,5.97
Rajpura,2025-01-11,31.39,41,Rain,moderate rain,4.14
Patiala,2025-01-11,26.41,73,Rain,clear sky,7.81
Bathinda,2025-01-12,31.16,56,Clouds,moderate rain,2.26
Malout,2025-01-12,26.33,72,Rain,scattered clouds,4.61
Mohali,2025-01-12,39.02,66,Rain,clear sky,2.55
Rajpura,2025-01-12,24.86,61,Clear,clear sky,1.05
Patiala,2025-01-12,32.46,49,Clouds,clear sky,8.81
Bathinda,2025-01-13,39.61,47,Clouds,scattered clouds,4.46
Malout,2025-01-13,31.26,88,Clouds,scattered clouds,7.09
Mohali,2025-01-13,21.51,54,Clear,clear sky,4.73
Rajpura,2025-01-13,37.66,82,Rain,light rain,6.18
Patiala,2025-01-13,34.16,88,Rain,light rain,1.32
Bathinda,2025-01-14,36.39,68,Clouds,light rain,1.77
Malout,2025-01-14,33.88,43,Clouds,light rain,6.86
Mohali,2025-01-14,28.4,53,Clear,overcast clouds,2.86
Rajpura,2025-01-14,21.7,84,Clear,light rain,5.53
Patiala,2025-01-14,25.24,51,Rain,moderate rain,6.8
Bathinda,2025-01-15,24.28,89,Clear,moderate rain,4.34
Malout,2025-01-15,24.7,60,Rain,scattered clouds,3.02
Mohali,2025-01-15,32.76,72,Clouds,light rain,6.37
Rajpura,2025-01-15,38.17,90,Clouds,light rain,8.53
Patiala,2025-01-15,39.81,64,Clouds,moderate rain,2.91
Bathinda,2025-01-16,33.36,83,Clear,overcast clouds,1.03
Malout,2025-01-16,26.8,45,Rain,light rain,4.88
Mohali,2025-01-16,20.7,59,Clear,moderate rain,4.05
Rajpura,2025-01-16,29.69,81,Clear,clear sky,1.47
Patiala,2025-01-16,38.63,74,Clouds,moderate rain,6.71
Bathinda,2025-01-17,36.59,40,Clouds,moderate rain,5.83
Malout,2025-01-17,29.11,43,Clouds,light rain,7.23
Mohali,2025-01-17,28.78,45,Clouds,moderate rain,3.0
Rajpura,2025-01-17,28.89,81,Clouds,clear sky,4.77
Patiala,2025-01-17,26.79,45,Clouds,clear sky,4.29
Bathinda,2025-01-18,23.07,86,Clouds,clear sky,2.17
Malout,2025-01-18,39.05,86,Clouds,moderate rain,1.58
Mohali,2025-01-18,35.69,69,Clouds,moderate rain,9.37
Rajpura,2025-01-18,26.46,42,Clear,moderate rain,2.9
Patiala,2025-01-18,28.74,66,Clear,moderate rain,9.63
Bathinda,2025-01-19,39.94,87,Rain,moderate rain,4.61
Malout,2025-01-19,25.65,77,Clouds,moderate rain,3.69
Mohali,2025-01-19,25.35,85,Clouds,scattered clouds,9.52
Rajpura,2025-01-19,29.28,64,Clear,moderate rain,3.74
Patiala,2025-01-19,25.71,57,Rain,scattered clouds,1.64
Bathinda,2025-01-20,39.61,58,Clouds,scattered clouds,5.15
Malout,2025-01-20,35.35,50,Rain,scattered clouds,9.62
Mohali,2025-01-20,20.15,72,Clear,scattered clouds,8.62
Rajpura,2025-01-20,32.29,59,Clouds,scattered clouds,4.42
Patiala,2025-01-20,24.73,78,Clouds,scattered clouds,8.71
Bathinda,2025-01-21,23.89,45,Clear,light rain,1.46
Malout,2025-01-21,39.7,62,Clouds,clear sky,5.7
Mohali,2025-01-21,24.85,81,Rain,overcast clouds,6.41
Rajpura,2025-01-21,24.78,61,Rain,overcast clouds,3.61
Patiala,2025-01-21,20.97,63,Clear,light rain,2.09
Bathinda,2025-01-22,35.46,63,Clear,clear sky,7.95
Malout,2025-01-22,32.5,49,Clouds,overcast clouds,2.73
Mohali,2025-01-22,32.88,40,Rain,scattered clouds,5.3
Rajpura,2025-01-22,35.75,85,Clouds,light rain,1.9
Patiala,2025-01-22,33.67,52,Clouds,moderate rain,1.1
Bathinda,2025-01-23,24.37,41,Clouds,clear sky,3.66
Malout,2025-01-23,20.25,69,Clear,overcast clouds,7.97
Mohali,2025-01-23,37.25,82,Clear,moderate rain,3.85
Rajpura,2025-01-23,38.34,65,Rain,scattered clouds,9.76
Patiala,2025-01-23,30.02,76,Clouds,scattered clouds,2.94
Bathinda,2025-01-24,34.92,84,Clouds,scattered clouds,1.46
Malout,2025-01-24,31.86,67,Clear,overcast clouds,9.5
Mohali,2025-01-24,31.45,48,Clouds,moderate rain,2.63
Rajpura,2025-01-24,26.81,78,Clouds,moderate rain,3.23
Patiala,2025-01-24,24.47,69,Rain,scattered clouds,7.41
Bathinda,2025-01-25,33.62,73,Rain,overcast clouds,1.41
Malout,2025-01-25,26.86,73,Clouds,scattered clouds,5.01
Mohali,2025-01-25,34.09,90,Clear,light rain,5.81
Rajpura,2025-01-25,33.41,76,Clouds,light rain,6.47
Patiala,2025-01-25,20.17,85,Rain,moderate rain,1.86
Bathinda,2025-01-26,28.89,83,Clear,overcast clouds,4.86
Malout,2025-01-26,35.89,75,Clouds,moderate rain,6.93
Mohali,2025-01-26,28.87,80,Rain,light rain,8.06
Rajpura,2025-01-26,34.79,60,Rain,overcast clouds,7.55
Patiala,2025-01-26,26.26,45,Clear,light rain,6.85
Bathinda,2025-01-27,33.69,51,Clouds,clear sky,9.52
Malout,2025-01-27,24.01,60,Rain,moderate rain,6.29
Mohali,2025-01-27,34.55,63,Rain,clear sky,4.68
Rajpura,2025-01-27,30.07,56,Clear,clear sky,5.02
Patiala,2025-01-27,31.92,61,Clouds,overcast clouds,4.75
Bathinda,2025-01-28,25.65,51,Rain,light rain,6.56
Malout,2025-01-28,38.57,70,Clouds,scattered clouds,1.99
Mohali,2025-01-28,30.17,47,Clouds,moderate rain,5.71
Rajpura,2025-01-28,39.64,53,Clouds,moderate rain,1.59
Patiala,2025-01-28,31.08,69,Clear,light rain,2.83
Bathinda,2025-01-29,24.59,76,Clear,moderate rain,7.76
Malout,2025-01-29,24.68,73,Rain,clear sky,9.74
Mohali,2025-01-29,30.51,71,Rain,moderate rain,6.55
Rajpura,2025-01-29,33.6,63,Rain,overcast clouds,6.34
Patiala,2025-01-29,30.71,42,Rain,light rain,8.78
Bathinda,2025-01-30,38.8,48,Rain,clear sky,1.47
Malout,2025-01-30,36.81,62,Rain,scattered clouds,3.66
Mohali,2025-01-30,21.89,83,Clouds,scattered clouds,8.82
Rajpura,2025-01-30,22.57,76,Clear,clear sky,7.89
Patiala,2025-01-30,34.87,74,Rain,moderate rain,4.27
Bathinda,2025-01-31,32.15,48,Rain,scattered clouds,5.67
Malout,2025-01-31,35.48,76,Clear,clear sky,6.39
Mohali,2025-01-31,30.85,48,Clouds,light rain,6.52
Rajpura,2025-01-31,28.08,64,Rain,light rain,7.45
Patiala,2025-01-31,33.19,69,Clouds,clear sky,2.43
Bathinda,2025-02-01,39.09,67,Clear,moderate rain,1.72
Malout,2025-02-01,23.17,64,Clear,moderate rain,9.96
Mohali,2025-02-01,35.73,66,Clouds,light rain,7.03
Rajpura,2025-02-01,26.27,71,Clouds,light rain,2.39
Patiala,2025-02-01,37.52,49,Clear,scattered clouds,6.05
Bathinda,2025-02-02,24.52,47,Clouds,clear sky,7.51
Malout,2025-02-02,34.08,84,Clear,clear sky,5.02
Mohali,2025-02-02,25.45,44,Rain,light rain,9.76
Rajpura,2025-02-02,33.28,66,Rain,scattered clouds,2.68
Patiala,2025-02-02,27.03,85,Rain,scattered clouds,7.04
Bathinda,2025-02-03,35.78,73,Clear,overcast clouds,5.13
Malout,2025-02-03,21.15,55,Clouds,overcast clouds,9.41
Mohali,2025-02-03,35.02,74,Clouds,clear sky,4.33
Rajpura,2025-02-03,36.4,77,Clouds,moderate rain,1.85
Patiala,2025-02-03,36.03,66,Clear,overcast clouds,4.07
Bathinda,2025-02-04,34.07,75,Rain,light rain,6.25
Malout,2025-02-04,28.52,79,Clouds,moderate rain,1.37
Mohali,2025-02-04,33.03,41,Clear,light rain,7.13
Rajpura,2025-02-04,31.03,43,Clear,moderate rain,9.13
Patiala,2025-02-04,20.18,82,Rain,moderate rain,8.86
Bathinda,2025-02-05,39.71,50,Clear,scattered clouds,3.0
Malout,2025-02-05,21.36,80,Clouds,clear sky,3.99
Mohali,2025-02-05,34.87,81,Clear,light rain,6.61
Rajpura,2025-02-05,34.22,44,Clouds,light rain,6.58
Patiala,2025-02-05,36.91,80,Rain,scattered clouds,7.43
Bathinda,2025-02-06,26.06,86,Clear,overcast clouds,9.52
Malout,2025-02-06,26.37,73,Rain,overcast clouds,7.57
Mohali,2025-02-06,31.27,76,Clouds,clear sky,6.86
Rajpura,2025-02-06,26.53,45,Clear,moderate rain,2.81
Patiala,2025-02-06,32.84,75,Clear,scattered clouds,6.6
Bathinda,2025-02-07,37.8,58,Clouds,light rain,8.19
Malout,2025-02-07,36.24,44,Clouds,light rain,6.78
Mohali,2025-02-07,35.34,81,Rain,overcast clouds,6.82
Rajpura,2025-02-07,21.49,50,Clear,moderate rain,4.4
Patiala,2025-02-07,26.78,45,Rain,light rain,1.23
Bathinda,2025-02-08,35.3,47,Clear,overcast clouds,9.7
Malout,2025-02-08,31.05,64,Rain,light rain,8.7
Mohali,2025-02-08,39.3,59,Rain,clear sky,4.95
Rajpura,2025-02-08,21.29,40,Rain,clear sky,5.09
Patiala,2025-02-08,25.7,41,Clear,light rain,8.14
Bathinda,2025-02-09,27.6,90,Clouds,scattered clouds,3.58
Malout,2025-02-09,39.29,72,Clear,moderate rain,3.19
Mohali,2025-02-09,29.84,69,Clear,clear sky,3.98
Rajpura,2025-02-09,21.47,71,Clouds,clear sky,4.22
Patiala,2025-02-09,22.31,49,Clouds,overcast clouds,6.6
Bathinda,2025-02-10,26.11,54,Rain,overcast clouds,7.44
Malout,2025-02-10,31.92,70,Clear,clear sky,4.09
Mohali,2025-02-10,30.39,58,Rain,overcast clouds,5.15
Rajpura,2025-02-10,28.58,48,Clear,light rain,4.45
Patiala,2025-02-10,39.21,78,Clouds,clear sky,3.81
Bathinda,2025-02-11,37.38,71,Clear,overcast clouds,4.62
Malout,2025-02-11,29.45,53,Clouds,moderate rain,5.22
Mohali,2025-02-11,28.02,67,Rain,light rain,6.79
Rajpura,2025-02-11,32.34,62,Clear,moderate rain,4.29
Patiala,2025-02-11,36.61,74,Clouds,moderate rain,6.44
Bathinda,2025-02-12,39.1,47,Clear,clear sky,8.67
Malout,2025-02-12,29.14,85,Rain,scattered clouds,3.81
Mohali,2025-02-12,38.32,61,Clouds,moderate rain,5.95
Rajpura,2025-02-12,38.99,81,Clouds,light rain,1.78
Patiala,2025-02-12,21.66,71,Clouds,scattered clouds,6.46
Bathinda,2025-02-13,28.99,81,Clouds,overcast clouds,3.21
Malout,2025-02-13,39.33,89,Clouds,overcast clouds,7.61
Mohali,2025-02-13,34.01,69,Clear,overcast clouds,6.07
Rajpura,2025-02-13,20.56,81,Clouds,light rain,4.92
Patiala,2025-02-13,21.7,85,Rain,scattered clouds,6.28
Bathinda,2025-02-14,25.5,42,Clear,moderate rain,5.89
Malout,2025-02-14,30.52,43,Clouds,overcast clouds,7.46
Mohali,2025-02-14,27.1,56,Rain,overcast clouds,5.05
Rajpura,2025-02-14,34.42,41,Clouds,clear sky,9.64
Patiala,2025-02-14,35.82,87,Rain,light rain,5.48
Bathinda,2025-02-15,34.13,73,Rain,overcast clouds,3.66
Malout,2025-02-15,27.38,67,Clear,moderate rain,6.6
Mohali,2025-02-15,22.13,90,Clouds,overcast clouds,3.22
Rajpura,2025-02-15,31.62,78,Rain,scattered clouds,3.96
Patiala,2025-02-15,29.79,44,Clear,overcast clouds,6.76
Bathinda,2025-02-16,30.59,58,Clouds,scattered clouds,1.86
Malout,2025-02-16,39.24,47,Clear,moderate rain,1.42
Mohali,2025-02-16,36.84,86,Clear,light rain,8.36
Rajpura,2025-02-16,30.82,78,Clear,clear sky,4.73
Patiala,2025-02-16,25.97,48,Clouds,moderate rain,7.37
Bathinda,2025-02-17,27.75,69,Rain,light rain,8.54
Malout,2025-02-17,32.86,88,Clear,clear sky,8.63
Mohali,2025-02-17,37.19,86,Clouds,clear sky,2.57
Rajpura,2025-02-17,26.06,59,Clouds,overcast clouds,6.65
Patiala,2025-02-17,24.78,88,Clouds,scattered clouds,4.16
Bathinda,2025-02-18,29.16,66,Clear,light rain,1.5
Malout,2025-02-18,26.57,41,Clouds,scattered clouds,4.37
Mohali,2025-02-18,22.34,51,Clear,clear sky,8.18
Rajpura,2025-02-18,35.02,73,Clouds,overcast clouds,6.27
Patiala,2025-02-18,21.43,44,Rain,scattered clouds,6.21
Bathinda,2025-02-19,33.82,59,Rain,clear sky,1.99
Malout,2025-02-19,20.7,69,Rain,light rain,8.01
Mohali,2025-02-19,25.31,51,Clouds,clear sky,3.98
Rajpura,2025-02-19,22.66,50,Clouds,moderate rain,9.9
Patiala,2025-02-19,39.39,76,Clear,light rain,9.87
Bathinda,2025-02-20,20.74,65,Rain,clear sky,2.89
Malout,2025-02-20,24.05,61,Clouds,light rain,3.78
Mohali,2025-02-20,37.32,86,Rain,scattered clouds,5.63
Rajpura,2025-02-20,29.43,74,Rain,overcast clouds,6.67
Patiala,2025-02-20,39.23,72,Rain,light rain,9.36
Bathinda,2025-02-21,34.54,68,Rain,moderate rain,8.83
Malout,2025-02-21,24.33,52,Clear,moderate rain,2.41
Mohali,2025-02-21,35.3,70,Rain,clear sky,6.88
Rajpura,2025-02-21,26.51,75,Clear,overcast clouds,8.12
Patiala,2025-02-21,26.64,77,Clouds,clear sky,9.98
Bathinda,2025-02-22,23.12,49,Rain,light rain,2.58
Malout,2025-02-22,31.15,41,Clear,moderate rain,8.9
Mohali,2025-02-22,25.91,40,Clear,clear sky,2.18
Rajpura,2025-02-22,21.45,87,Rain,light rain,4.54
Patiala,2025-02-22,23.18,86,Clouds,scattered clouds,6.86
Bathinda,2025-02-23,32.39,71,Rain,clear sky,3.28
Malout,2025-02-23,22.87,87,Clouds,scattered clouds,2.29
Mohali,2025-02-23,36.49,55,Clear,scattered clouds,6.5
Rajpura,2025-02-23,37.72,68,Clear,moderate rain,4.88
Patiala,2025-02-23,21.69,42,Rain,overcast clouds,8.17
Bathinda,2025-02-24,24.77,82,Clear,light rain,3.41
Malout,2025-02-24,27.94,71,Clouds,moderate rain,2.81
Mohali,2025-02-24,21.63,66,Clear,clear sky,4.53
Rajpura,2025-02-24,35.96,75,Clouds,moderate rain,9.09
Patiala,2025-02-24,39.92,82,Clear,light rain,9.2
Bathinda,2025-02-25,38.58,60,Clear,overcast clouds,9.73
Malout,2025-02-25,32.13,87,Clouds,scattered clouds,3.44
Mohali,2025-02-25,35.6,54,Clear,clear sky,6.95
Rajpura,2025-02-25,24.72,89,Rain,light rain,5.0
Patiala,2025-02-25,23.39,73,Clouds,moderate rain,3.98
Bathinda,2025-02-26,36.55,89,Rain,clear sky,6.41
Malout,2025-02-26,37.1,67,Clouds,scattered clouds,1.23
Mohali,2025-02-26,31.15,70,Clouds,scattered clouds,6.12
Rajpura,2025-02-26,31.74,55,Rain,clear sky,4.75
Patiala,2025-02-26,33.43,90,Clouds,clear sky,6.77
Bathinda,2025-02-27,25.95,72,Clouds,moderate rain,9.95
Malout,2025-02-27,38.72,90,Rain,overcast clouds,3.4
Mohali,2025-02-27,20.22,40,Clouds,overcast clouds,9.79
Rajpura,2025-02-27,33.61,49,Clouds,clear sky,1.49
Patiala,2025-02-27,20.05,43,Clouds,moderate rain,9.66
Bathinda,2025-02-28,35.58,85,Clouds,light rain,4.69
Malout,2025-02-28,22.47,49,Clear,light rain,6.72
Mohali,2025-02-28,39.06,82,Clear,moderate rain,8.0
Rajpura,2025-02-28,25.2,58,Clouds,light rain,2.04
Patiala,2025-02-28,23.15,47,Clouds,scattered clouds,1.19
Bathinda,2025-03-01,31.01,82,Rain,overcast clouds,1.53
Malout,2025-03-01,29.89,83,Rain,moderate rain,9.9
Mohali,2025-03-01,21.46,53,Clouds,overcast clouds,6.82
Rajpura,2025-03-01,24.77,74,Clear,clear sky,5.52
Patiala,2025-03-01,27.08,90,Rain,overcast clouds,7.04
Bathinda,2025-03-02,26.33,60,Clear,moderate rain,4.06
Malout,2025-03-02,32.89,89,Rain,overcast clouds,8.92
Mohali,2025-03-02,30.44,62,Clear,scattered clouds,8.51
Rajpura,2025-03-02,32.18,90,Rain,clear sky,7.29
Patiala,2025-03-02,24.41,81,Rain,light rain,2.71
Bathinda,2025-03-03,26.24,90,Clouds,overcast clouds,2.55
Malout,2025-03-03,22.54,59,Clouds,scattered clouds,8.18
Mohali,2025-03-03,27.92,61,Clear,moderate rain,4.35
Rajpura,2025-03-03,25.5,66,Rain,clear sky,8.3
Patiala,2025-03-03,24.9,49,Clouds,clear sky,5.05
Bathinda,2025-03-04,39.08,79,Clouds,light rain,8.47
Malout,2025-03-04,21.58,76,Clouds,overcast clouds,5.79
Mohali,2025-03-04,30.83,55,Clear,overcast clouds,6.28
Rajpura,2025-03-04,20.45,79,Rain,overcast clouds,2.76
Patiala,2025-03-04,23.17,89,Clouds,clear sky,3.26
Bathinda,2025-03-05,32.69,90,Clouds,clear sky,7.81
Malout,2025-03-05,22.78,89,Clouds,scattered clouds,6.68
Mohali,2025-03-05,32.85,85,Rain,overcast clouds,4.75
Rajpura,2025-03-05,36.0,48,Rain,light rain,5.04
Patiala,2025-03-05,28.78,80,Rain,overcast clouds,6.24
Bathinda,2025-03-06,21.6,74,Clear,scattered clouds,1.94
Malout,2025-03-06,30.48,59,Rain,overcast clouds,1.98
Mohali,2025-03-06,37.77,71,Rain,clear sky,6.28
Rajpura,2025-03-06,28.3,65,Clouds,scattered clouds,1.6
Patiala,2025-03-06,28.64,42,Rain,scattered clouds,7.48
Bathinda,2025-03-07,26.73,43,Clear,moderate rain,2.33
Malout,2025-03-07,21.73,75,Clear,clear sky,5.95
Mohali,2025-03-07,30.96,85,Rain,light rain,2.78
Rajpura,2025-03-07,39.3,75,Clear,moderate rain,8.5
Patiala,2025-03-07,39.28,71,Clouds,clear sky,5.95
Bathinda,2025-03-08,34.93,50,Clear,moderate rain,2.14
Malout,2025-03-08,39.88,80,Clear,moderate rain,7.17
Mohali,2025-03-08,39.32,67,Clouds,overcast clouds,6.01
Rajpura,2025-03-08,38.63,44,Clouds,scattered clouds,6.85
Patiala,2025-03-08,23.91,52,Clear,scattered clouds,6.04
Bathinda,2025-03-09,39.36,48,Rain,moderate rain,7.44
Malout,2025-03-09,32.2,51,Clear,moderate rain,8.17
Mohali,2025-03-09,34.63,65,Clouds,scattered clouds,5.63
Rajpura,2025-03-09,23.16,43,Rain,overcast clouds,9.83
Patiala,2025-03-09,23.1,57,Rain,light rain,1.31
Bathinda,2025-03-10,23.97,59,Clouds,moderate rain,9.88
Malout,2025-03-10,22.03,52,Rain,overcast clouds,7.57
Mohali,2025-03-10,38.67,47,Rain,overcast clouds,7.18
Rajpura,2025-03-10,31.28,80,Rain,moderate rain,3.67
Patiala,2025-03-10,31.1,51,Rain,scattered clouds,7.34
Bathinda,2025-03-11,21.66,54,Rain,light rain,3.45
Malout,2025-03-11,39.54,52,Clear,moderate rain,2.26
Mohali,2025-03-11,35.43,61,Clear,overcast clouds,4.25
Rajpura,2025-03-11,32.99,55,Clear,overcast clouds,1.6
Patiala,2025-03-11,37.76,59,Clear,moderate rain,2.18
Bathinda,2025-03-12,27.92,51,Clear,moderate rain,1.67
Malout,2025-03-12,25.43,76,Rain,scattered clouds,8.51
Mohali,2025-03-12,20.57,81,Rain,moderate rain,6.76
Rajpura,2025-03-12,27.71,59,Rain,scattered clouds,1.09
Patiala,2025-03-12,32.68,47,Clouds,overcast clouds,9.29
Bathinda,2025-03-13,36.95,71,Clear,overcast clouds,9.97
Malout,2025-03-13,29.02,46,Clear,scattered clouds,4.51
Mohali,2025-03-13,36.87,85,Clouds,moderate rain,9.84
Rajpura,2025-03-13,29.25,66,Rain,light rain,9.2
Patiala,2025-03-13,29.26,61,Clouds,light rain,7.39
Bathinda,2025-03-14,29.91,63,Clear,overcast clouds,1.66
Malout,2025-03-14,26.7,57,Rain,clear sky,7.11
Mohali,2025-03-14,26.62,48,Rain,moderate rain,5.19
Rajpura,2025-03-14,38.2,49,Clouds,moderate rain,5.55
Patiala,2025-03-14,23.75,49,Rain,light rain,8.58
Bathinda,2025-03-15,25.99,75,Clear,overcast clouds,6.13
Malout,2025-03-15,23.39,85,Rain,clear sky,8.74
Mohali,2025-03-15,36.39,80,Clouds,overcast clouds,3.2
Rajpura,2025-03-15,39.21,56,Rain,moderate rain,8.77
Patiala,2025-03-15,23.21,45,Clear,scattered clouds,6.13
Bathinda,2025-03-16,34.34,69,Clear,overcast clouds,2.48
Malout,2025-03-16,34.17,89,Clear,scattered clouds,7.42
Mohali,2025-03-16,35.22,82,Clouds,scattered clouds,7.79
Rajpura,2025-03-16,37.36,90,Rain,clear sky,2.6
Patiala,2025-03-16,23.23,46,Clouds,light rain,3.6
Bathinda,2025-03-17,37.39,76,Rain,overcast clouds,1.66
Malout,2025-03-17,32.77,61,Rain,clear sky,6.41
Mohali,2025-03-17,23.63,50,Rain,overcast clouds,8.34
Rajpura,2025-03-17,20.14,88,Clear,overcast clouds,7.58
Patiala,2025-03-17,27.72,46,Rain,light rain,2.09
Bathinda,2025-03-18,22.84,69,Clear,moderate rain,8.78
Malout,2025-03-18,28.12,85,Clear,moderate rain,2.15
Mohali,2025-03-18,37.68,60,Clouds,overcast clouds,6.51
Rajpura,2025-03-18,28.67,60,Clear,moderate rain,8.64
Patiala,2025-03-18,28.89,84,Clouds,overcast clouds,8.27
Bathinda,2025-03-19,35.92,51,Clouds,light rain,8.51
Malout,2025-03-19,39.38,80,Rain,clear sky,5.79
Mohali,2025-03-19,29.95,45,Clouds,light rain,3.08
Rajpura,2025-03-19,23.77,54,Rain,light rain,4.88
Patiala,2025-03-19,25.33,76,Clouds,clear sky,8.01
Bathinda,2025-03-20,33.87,65,Clear,overcast clouds,1.29
Malout,2025-03-20,23.34,65,Clear,overcast clouds,1.42
Mohali,2025-03-20,33.55,74,Clouds,light rain,5.91
Rajpura,2025-03-20,22.81,60,Clear,light rain,6.77
Patiala,2025-03-20,23.12,60,Rain,overcast clouds,1.19
Bathinda,2025-03-21,30.16,72,Clouds,overcast clouds,9.51
Malout,2025-03-21,20.96,41,Rain,overcast clouds,7.97
Mohali,2025-03-21,23.29,66,Rain,overcast clouds,3.13
Rajpura,2025-03-21,26.17,47,Rain,moderate rain,4.71
Patiala,2025-03-21,38.99,46,Clear,moderate rain,4.99
Bathinda,2025-03-22,29.2,51,Rain,light rain,1.61
Malout,2025-03-22,26.43,82,Clouds,moderate rain,1.43
Mohali,2025-03-22,32.69,44,Clouds,overcast clouds,2.57
Rajpura,2025-03-22,35.83,63,Clear,scattered clouds,7.02
Patiala,2025-03-22,23.13,81,Clouds,clear sky,8.47
Bathinda,2025-03-23,32.7,44,Clear,clear sky,9.79
Malout,2025-03-23,38.62,86,Clear,overcast clouds,7.4
Mohali,2025-03-23,31.51,47,Clouds,light rain,5.27
Rajpura,2025-03-23,26.81,82,Clouds,light rain,8.24
Patiala,2025-03-23,39.14,83,Clear,moderate rain,3.26
Bathinda,2025-03-24,28.46,86,Rain,moderate rain,6.0
Malout,2025-03-24,39.48,71,Rain,clear sky,7.01
Mohali,2025-03-24,28.07,86,Rain,scattered clouds,8.28
Rajpura,2025-03-24,34.8,43,Clear,clear sky,4.46
Patiala,2025-03-24,32.59,66,Clouds,scattered clouds,2.55
Bathinda,2025-03-25,32.36,40,Rain,light rain,1.45
Malout,2025-03-25,38.65,82,Clouds,light rain,6.57
Mohali,2025-03-25,32.57,53,Rain,clear sky,8.11
Rajpura,2025-03-25,39.94,64,Clouds,scattered clouds,3.52
Patiala,2025-03-25,30.19,73,Clouds,overcast clouds,6.83
Bathinda,2025-03-26,30.21,66,Rain,moderate rain,7.65
Malout,2025-03-26,23.89,77,Clouds,light rain,3.06
Mohali,2025-03-26,22.92,52,Clear,moderate rain,3.49
Rajpura,2025-03-26,22.0,61,Rain,clear sky,2.64
Patiala,2025-03-26,23.36,60,Rain,light rain,9.73
Bathinda,2025-03-27,31.28,54,Clouds,overcast clouds,8.68
Malout,2025-03-27,21.76,78,Rain,light rain,1.04
Mohali,2025-03-27,20.0,73,Clear,overcast clouds,7.29
Rajpura,2025-03-27,32.65,86,Clouds,clear sky,5.14
Patiala,2025-03-27,22.5,72,Clear,overcast clouds,1.58
Bathinda,2025-03-28,36.25,48,Rain,clear sky,2.68
Malout,2025-03-28,28.33,77,Rain,moderate rain,4.2
Mohali,2025-03-28,22.29,42,Clear,light rain,4.75
Rajpura,2025-03-28,28.86,40,Clear,scattered clouds,1.13
Patiala,2025-03-28,30.66,84,Rain,clear sky,2.62
Bathinda,2025-03-29,25.82,47,Rain,clear sky,1.19
Malout,2025-03-29,27.0,74,Clouds,scattered clouds,1.82
Mohali,2025-03-29,39.52,55,Rain,light rain,6.82
Rajpura,2025-03-29,33.98,58,Rain,light rain,4.56
Patiala,2025-03-29,36.15,76,Rain,scattered clouds,3.92
Bathinda,2025-03-30,20.77,57,Clouds,clear sky,1.06
Malout,2025-03-30,20.64,89,Rain,light rain,1.5
Mohali,2025-03-30,34.34,74,Rain,scattered clouds,9.62
Rajpura,2025-03-30,25.99,59,Clouds,light rain,8.51
Patiala,2025-03-30,32.3,68,Clouds,light rain,3.36
Bathinda,2025-03-31,24.2,45,Clouds,overcast clouds,8.42
Malout,2025-03-31,31.33,83,Clear,clear sky,1.35
Mohali,2025-03-31,27.53,44,Clear,scattered clouds,6.92
Rajpura,2025-03-31,22.97,83,Clear,moderate rain,2.11
Patiala,2025-03-31,36.81,42,Clouds,overcast clouds,2.9
Bathinda,2025-04-01,25.75,74,Clouds,overcast clouds,4.31
Malout,2025-04-01,33.81,73,Clear,scattered clouds,5.82
Mohali,2025-04-01,32.67,82,Clouds,overcast clouds,7.21
Rajpura,2025-04-01,31.36,70,Clouds,clear sky,7.32
Patiala,2025-04-01,35.1,67,Clear,scattered clouds,4.17
Bathinda,2025-04-02,37.22,81,Clouds,overcast clouds,4.24
Malout,2025-04-02,35.04,53,Clear,clear sky,8.04
Mohali,2025-04-02,26.55,87,Clear,light rain,5.43
Rajpura,2025-04-02,26.71,84,Clouds,overcast clouds,5.0
Patiala,2025-04-02,32.79,85,Clear,scattered clouds,8.18
Bathinda,2025-04-03,34.11,68,Clouds,light rain,1.83
Malout,2025-04-03,28.14,62,Rain,light rain,3.04
Mohali,2025-04-03,27.72,72,Clouds,light rain,1.7
Rajpura,2025-04-03,20.71,48,Rain,clear sky,4.14
Patiala,2025-04-03,36.89,88,Clear,scattered clouds,9.49
Bathinda,2025-04-04,30.57,40,Rain,light rain,4.46
Malout,2025-04-04,27.24,50,Clear,moderate rain,1.48
Mohali,2025-04-04,33.65,74,Rain,scattered clouds,4.67
Rajpura,2025-04-04,30.23,45,Clear,light rain,5.37
Patiala,2025-04-04,38.64,71,Rain,overcast clouds,9.19
Bathinda,2025-04-05,29.72,53,Rain,light rain,4.45
Malout,2025-04-05,23.14,72,Clouds,overcast clouds,5.67
Mohali,2025-04-05,28.52,59,Rain,scattered clouds,6.64
Rajpura,2025-04-05,35.32,51,Rain,light rain,1.92
Patiala,2025-04-05,39.33,50,Clear,moderate rain,5.56
Bathinda,2025-04-06,22.66,84,Rain,light rain,8.51
Malout,2025-04-06,30.45,90,Clear,clear sky,8.45
Mohali,2025-04-06,34.83,71,Clouds,scattered clouds,4.84
Rajpura,2025-04-06,23.45,46,Clouds,overcast clouds,1.53
Patiala,2025-04-06,22.29,67,Rain,light rain,2.63
Bathinda,2025-04-07,36.75,60,Clouds,moderate rain,9.46
Malout,2025-04-07,35.58,43,Clear,scattered clouds,5.83
Mohali,2025-04-07,33.82,60,Clouds,clear sky,3.07
Rajpura,2025-04-07,25.83,81,Rain,light rain,4.46
Patiala,2025-04-07,35.69,75,Clouds,scattered clouds,4.82
Bathinda,2025-04-08,28.86,47,Clear,overcast clouds,9.73
Malout,2025-04-08,36.86,87,Clear,clear sky,8.71
Mohali,2025-04-08,37.24,86,Rain,overcast clouds,9.29
Rajpura,2025-04-08,39.58,70,Clouds,clear sky,7.22
Patiala,2025-04-08,29.72,74,Clouds,overcast clouds,2.45
Bathinda,2025-04-09,30.7,64,Rain,overcast clouds,3.78
Malout,2025-04-09,21.6,59,Clear,overcast clouds,5.44
Mohali,2025-04-09,35.69,71,Clouds,moderate rain,7.02
Rajpura,2025-04-09,30.6,51,Rain,overcast clouds,9.24
Patiala,2025-04-09,35.22,49,Clear,clear sky,3.61
Bathinda,2025-04-10,31.88,42,Clear,scattered clouds,9.76
Malout,2025-04-10,31.45,58,Clouds,light rain,5.44
Mohali,2025-04-10,21.49,44,Clear,scattered clouds,4.95
Rajpura,2025-04-10,21.31,50,Rain,light rain,2.86
Patiala,2025-04-10,33.0,61,Clouds,moderate rain,7.47
Bathinda,2025-04-11,29.1,58,Clear,scattered clouds,1.57
Malout,2025-04-11,38.7,43,Rain,overcast clouds,6.51
Mohali,2025-04-11,36.16,43,Clear,overcast clouds,5.03
Rajpura,2025-04-11,31.62,86,Clear,scattered clouds,4.9
Patiala,2025-04-11,27.3,53,Clear,overcast clouds,2.13
Bathinda,2025-04-12,34.4,73,Rain,moderate rain,9.11
Malout,2025-04-12,36.38,45,Rain,overcast clouds,8.14
Mohali,2025-04-12,27.24,54,Clear,light rain,2.17
Rajpura,2025-04-12,32.48,59,Clouds,clear sky,8.35
Patiala,2025-04-12,27.82,82,Clear,clear sky,4.66
Bathinda,2025-04-13,21.46,89,Clear,moderate rain,9.13
Malout,2025-04-13,20.92,76,Clouds,light rain,1.15
Mohali,2025-04-13,26.02,55,Rain,moderate rain,9.1
Rajpura,2025-04-13,25.72,90,Clear,moderate rain,3.7
Patiala,2025-04-13,29.06,59,Clear,moderate rain,5.49
Bathinda,2025-04-14,28.03,84,Clouds,scattered clouds,6.7
Malout,2025-04-14,35.43,76,Clouds,clear sky,9.69
Mohali,2025-04-14,21.06,69,Clear,moderate rain,1.01
Rajpura,2025-04-14,36.32,90,Clouds,overcast clouds,3.41
Patiala,2025-04-14,38.77,54,Clear,light rain,4.46
Bathinda,2025-04-15,24.27,43,Rain,clear sky,9.99
Malout,2025-04-15,39.93,63,Clouds,overcast clouds,9.65
Mohali,2025-04-15,32.07,49,Clouds,light rain,5.43
Rajpura,2025-04-15,32.9,42,Rain,clear sky,7.85
Patiala,2025-04-15,23.45,60,Rain,scattered clouds,7.1
Bathinda,2025-04-16,30.3,87,Clear,overcast clouds,3.68
Malout,2025-04-16,24.44,67,Clear,clear sky,1.32
Mohali,2025-04-16,30.13,71,Clouds,light rain,6.09
Rajpura,2025-04-16,26.73,81,Rain,scattered clouds,3.66
Patiala,2025-04-16,26.17,87,Rain,overcast clouds,5.28
Bathinda,2025-04-17,38.15,43,Clouds,scattered clouds,8.35
Malout,2025-04-17,38.09,81,Clouds,light rain,9.73
Mohali,2025-04-17,30.25,84,Rain,overcast clouds,2.65
Rajpura,2025-04-17,24.78,47,Rain,scattered clouds,2.13
Patiala,2025-04-17,30.59,78,Clouds,clear sky,1.99
Bathinda,2025-04-18,37.17,62,Clear,light rain,9.81
Malout,2025-04-18,30.46,73,Clear,light rain,4.13
Mohali,2025-04-18,35.34,66,Rain,light rain,8.4
Rajpura,2025-04-18,30.06,70,Clear,clear sky,8.88
Patiala,2025-04-18,36.4,78,Clouds,overcast clouds,9.6
Bathinda,2025-04-19,26.42,51,Rain,scattered clouds,1.37
Malout,2025-04-19,28.59,72,Rain,clear sky,7.6
Mohali,2025-04-19,29.69,84,Rain,moderate rain,4.11
Rajpura,2025-04-19,25.48,71,Rain,scattered clouds,8.02
Patiala,2025-04-19,36.36,41,Rain,scattered clouds,1.94
Bathinda,2025-04-20,37.53,87,Clear,clear sky,9.2
Malout,2025-04-20,36.66,51,Clouds,scattered clouds,8.5
Mohali,2025-04-20,22.72,47,Rain,clear sky,1.15
Rajpura,2025-04-20,24.16,50,Clear,overcast clouds,9.42
Patiala,2025-04-20,24.41,47,Clear,moderate rain,8.77
Bathinda,2025-04-21,22.71,40,Clear,scattered clouds,9.95
Malout,2025-04-21,32.17,68,Rain,moderate rain,5.71
Mohali,2025-04-21,20.03,76,Clear,scattered clouds,3.02
Rajpura,2025-04-21,24.48,61,Rain,scattered clouds,7.19
Patiala,2025-04-21,32.47,76,Clear,scattered clouds,5.25
Bathinda,2025-04-22,22.91,81,Rain,light rain,1.44
Malout,2025-04-22,28.19,63,Rain,moderate rain,9.26
Mohali,2025-04-22,33.87,55,Rain,moderate rain,8.67
Rajpura,2025-04-22,34.17,52,Clouds,scattered clouds,2.92
Patiala,2025-04-22,24.85,86,Clear,overcast clouds,9.74
Bathinda,2025-04-23,22.75,85,Clouds,clear sky,6.16
Malout,2025-04-23,28.25,46,Clouds,moderate rain,3.5
Mohali,2025-04-23,28.35,65,Clouds,overcast clouds,2.88
Rajpura,2025-04-23,30.75,60,Rain,scattered clouds,1.41
Patiala,2025-04-23,30.78,90,Clouds,clear sky,1.85
Bathinda,2025-04-24,35.67,68,Clear,clear sky,3.5
Malout,2025-04-24,20.63,47,Clouds,moderate rain,6.06
Mohali,2025-04-24,35.79,58,Clouds,moderate rain,5.64
Rajpura,2025-04-24,39.42,53,Rain,light rain,4.91
Patiala,2025-04-24,28.28,78,Rain,moderate rain,6.98
Bathinda,2025-04-25,31.89,77,Clear,scattered clouds,7.9
Malout,2025-04-25,23.1,59,Clouds,light rain,7.19
Mohali,2025-04-25,20.36,45,Rain,overcast clouds,9.53
Rajpura,2025-04-25,26.29,52,Clear,light rain,5.57
Patiala,2025-04-25,35.35,74,Rain,moderate rain,3.1
Bathinda,2025-04-26,23.43,66,Clouds,moderate rain,8.42
Malout,2025-04-26,31.52,60,Rain,moderate rain,1.11
Mohali,2025-04-26,26.58,73,Clouds,moderate rain,8.01
Rajpura,2025-04-26,21.17,47,Clear,light rain,4.59
Patiala,2025-04-26,22.06,66,Rain,scattered clouds,2.7
Bathinda,2025-04-27,29.79,57,Clouds,moderate rain,9.74
Malout,2025-04-27,34.53,54,Clear,overcast clouds,3.41
Mohali,2025-04-27,26.65,60,Clear,clear sky,3.46
Rajpura,2025-04-27,27.74,47,Rain,moderate rain,9.17
Patiala,2025-04-27,20.93,61,Clouds,light rain,1.9
Bathinda,2025-04-28,30.85,45,Rain,clear sky,2.2
Malout,2025-04-28,26.85,43,Rain,overcast clouds,8.15
Mohali,2025-04-28,22.98,49,Clouds,light rain,6.0
Rajpura,2025-04-28,23.84,77,Clouds,clear sky,3.28
Patiala,2025-04-28,28.95,89,Clouds,overcast clouds,4.25
Bathinda,2025-04-29,25.67,88,Clear,moderate rain,4.39
Malout,2025-04-29,23.19,46,Clear,light rain,4.57
Mohali,2025-04-29,22.12,90,Rain,clear sky,4.23
Rajpura,2025-04-29,30.25,83,Rain,moderate rain,4.09
Patiala,2025-04-29,29.2,80,Rain,scattered clouds,8.27
Bathinda,2025-04-30,25.47,78,Rain,clear sky,4.53
Malout,2025-04-30,36.1,79,Rain,light rain,6.6
Mohali,2025-04-30,38.06,87,Rain,clear sky,7.73
Rajpura,2025-04-30,30.19,67,Clouds,moderate rain,6.86
Patiala,2025-04-30,36.33,41,Clear,moderate rain,6.8
Bathinda,2025-05-01,31.13,80,Clear,overcast clouds,2.49
Malout,2025-05-01,32.63,50,Clear,overcast clouds,7.51
Mohali,2025-05-01,29.69,86,Rain,light rain,2.48
Rajpura,2025-05-01,33.74,63,Rain,light rain,1.87
Patiala,2025-05-01,36.0,59,Rain,overcast clouds,2.71
Bathinda,2025-05-02,20.84,72,Clear,moderate rain,4.95
Malout,2025-05-02,37.34,61,Rain,overcast clouds,1.71
Mohali,2025-05-02,25.27,63,Clouds,clear sky,1.01
Rajpura,2025-05-02,26.5,57,Rain,overcast clouds,3.35
Patiala,2025-05-02,29.33,74,Rain,moderate rain,4.48
Bathinda,2025-05-03,38.3,86,Rain,scattered clouds,9.0
Malout,2025-05-03,31.93,75,Clouds,moderate rain,5.26
Mohali,2025-05-03,38.18,46,Clear,clear sky,8.19
Rajpura,2025-05-03,20.76,60,Rain,scattered clouds,4.73
Patiala,2025-05-03,25.82,84,Rain,scattered clouds,4.81
Bathinda,2025-05-04,29.06,67,Clouds,light rain,5.83
Malout,2025-05-04,26.87,56,Rain,light rain,9.39
Mohali,2025-05-04,33.7,52,Rain,clear sky,9.69
Rajpura,2025-05-04,37.36,88,Clear,clear sky,7.82
Patiala,2025-05-04,28.49,65,Clear,light rain,7.39
Bathinda,2025-05-05,27.99,63,Clouds,moderate rain,7.35
Malout,2025-05-05,29.76,46,Clouds,light rain,7.6
Mohali,2025-05-05,32.79,43,Clear,light rain,7.11
Rajpura,2025-05-05,33.59,74,Clouds,moderate rain,6.18
Patiala,2025-05-05,32.53,62,Clouds,overcast clouds,3.06
Bathinda,2025-05-06,39.3,69,Clouds,light rain,7.74
Malout,2025-05-06,23.5,81,Rain,overcast clouds,7.55
Mohali,2025-05-06,29.45,65,Rain,scattered clouds,4.44
Rajpura,2025-05-06,26.64,48,Clouds,scattered clouds,6.71
Patiala,2025-05-06,32.52,57,Clouds,scattered clouds,3.98
Bathinda,2025-05-07,38.7,43,Clouds,overcast clouds,4.14
Malout,2025-05-07,23.81,45,Clouds,light rain,8.52
Mohali,2025-05-07,33.81,73,Clear,moderate rain,3.96
Rajpura,2025-05-07,22.14,67,Clouds,clear sky,9.42
Patiala,2025-05-07,38.59,82,Clear,scattered clouds,4.81
Bathinda,2025-05-08,26.13,40,Clear,moderate rain,3.38
Malout,2025-05-08,25.76,73,Rain,light rain,7.92
Mohali,2025-05-08,20.48,68,Clouds,light rain,8.16
Rajpura,2025-05-08,21.09,84,Clouds,moderate rain,4.02
Patiala,2025-05-08,23.77,90,Clouds,overcast clouds,7.64
Bathinda,2025-05-09,35.92,44,Rain,overcast clouds,9.31
Malout,2025-05-09,35.99,68,Rain,scattered clouds,4.11
Mohali,2025-05-09,28.99,82,Clear,overcast clouds,7.85
Rajpura,2025-05-09,35.88,49,Clear,moderate rain,4.35
Patiala,2025-05-09,34.13,79,Rain,light rain,7.0
Bathinda,2025-05-10,33.54,44,Rain,clear sky,8.68
Malout,2025-05-10,37.25,74,Rain,scattered clouds,2.36
Mohali,2025-05-10,36.37,59,Clear,scattered clouds,3.19
Rajpura,2025-05-10,25.48,67,Clouds,scattered clouds,3.84
Patiala,2025-05-10,22.89,54,Rain,overcast clouds,1.09
Bathinda,2025-05-11,20.39,73,Clear,overcast clouds,7.59
Malout,2025-05-11,28.52,89,Rain,clear sky,8.2
Mohali,2025-05-11,21.72,56,Rain,scattered clouds,3.15
Rajpura,2025-05-11,32.67,88,Clouds,overcast clouds,5.42
Patiala,2025-05-11,29.69,46,Clear,overcast clouds,8.43
Bathinda,2025-05-12,32.45,86,Clouds,clear sky,8.38
Malout,2025-05-12,32.54,49,Clouds,light rain,5.62
Mohali,2025-05-12,26.69,78,Clouds,moderate rain,5.12
Rajpura,2025-05-12,39.56,43,Rain,clear sky,3.57
Patiala,2025-05-12,27.78,65,Clouds,clear sky,1.11
Bathinda,2025-05-13,30.26,66,Rain,scattered clouds,9.66
Malout,2025-05-13,23.45,77,Clouds,light rain,4.27
Mohali,2025-05-13,30.76,77,Clouds,light rain,5.21
Rajpura,2025-05-13,29.05,73,Clouds,scattered clouds,1.33
Patiala,2025-05-13,23.6,46,Clear,overcast clouds,8.8
Bathinda,2025-05-14,37.81,84,Clouds,clear sky,8.57
Malout,2025-05-14,21.89,73,Clouds,scattered clouds,9.97
Mohali,2025-05-14,25.95,88,Rain,light rain,2.96
Rajpura,2025-05-14,22.35,49,Clouds,overcast clouds,8.28
Patiala,2025-05-14,36.74,63,Clear,clear sky,5.56
Bathinda,2025-05-15,21.9,63,Clouds,scattered clouds,4.22
Malout,2025-05-15,29.97,44,Clouds,moderate rain,5.52
Mohali,2025-05-15,30.77,85,Clear,light rain,2.68
Rajpura,2025-05-15,31.44,84,Clear,overcast clouds,5.48
Patiala,2025-05-15,38.01,68,Clouds,clear sky,7.02
Bathinda,2025-05-16,36.95,64,Rain,clear sky,2.0
Malout,2025-05-16,26.61,83,Clear,clear sky,2.21
Mohali,2025-05-16,20.1,57,Rain,light rain,4.74
Rajpura,2025-05-16,21.16,56,Clear,light rain,4.2
Patiala,2025-05-16,35.88,87,Clear,overcast clouds,9.24
Bathinda,2025-05-17,22.42,55,Clouds,overcast clouds,3.78
Malout,2025-05-17,39.51,90,Clouds,clear sky,3.79
Mohali,2025-05-17,20.13,90,Rain,clear sky,9.71
Rajpura,2025-05-17,21.53,60,Rain,scattered clouds,2.48
Patiala,2025-05-17,23.25,86,Clouds,overcast clouds,4.19
Bathinda,2025-05-18,32.33,48,Rain,light rain,6.61
Malout,2025-05-18,27.87,40,Clouds,light rain,1.38
Mohali,2025-05-18,25.52,89,Clouds,overcast clouds,5.54
Rajpura,2025-05-18,37.73,48,Clear,overcast clouds,1.47
Patiala,2025-05-18,31.45,54,Rain,moderate rain,3.11
Bathinda,2025-05-19,20.93,82,Clouds,clear sky,5.88
Malout,2025-05-19,38.03,64,Clouds,scattered clouds,2.69
Mohali,2025-05-19,21.56,70,Clear,moderate rain,8.42
Rajpura,2025-05-19,27.5,51,Clear,light rain,3.85
Patiala,2025-05-19,33.02,86,Clouds,scattered clouds,9.81
Bathinda,2025-05-20,34.19,51,Rain,moderate rain,1.87
Malout,2025-05-20,26.23,70,Clear,clear sky,4.37
Mohali,2025-05-20,35.15,80,Rain,overcast clouds,7.63
Rajpura,2025-05-20,37.12,45,Clear,overcast clouds,5.68
Patiala,2025-05-20,35.51,84,Clear,moderate rain,2.82
Bathinda,2025-05-21,32.77,67,Rain,scattered clouds,2.21
Malout,2025-05-21,26.81,71,Clear,clear sky,1.15
Mohali,2025-05-21,27.31,68,Clear,clear sky,9.61
Rajpura,2025-05-21,34.39,54,Clear,scattered clouds,5.27
Patiala,2025-05-21,26.94,71,Clouds,moderate rain,5.63
Bathinda,2025-05-22,23.96,76,Rain,clear sky,2.79
Malout,2025-05-22,20.02,73,Clear,clear sky,2.34
Mohali,2025-05-22,37.42,51,Clear,scattered clouds,6.37
Rajpura,2025-05-22,28.08,42,Rain,clear sky,6.62
Patiala,2025-05-22,36.77,77,Clouds,scattered clouds,8.79
Bathinda,2025-05-23,30.43,51,Clouds,light rain,7.75
Malout,2025-05-23,35.22,89,Clouds,clear sky,7.61
Mohali,2025-05-23,24.03,40,Clear,clear sky,7.44
Rajpura,2025-05-23,37.91,45,Clouds,overcast clouds,1.84
Patiala,2025-05-23,27.01,83,Clouds,overcast clouds,5.22
Bathinda,2025-05-24,34.63,54,Rain,light rain,5.28
Malout,2025-05-24,35.08,54,Clouds,scattered clouds,2.61
Mohali,2025-05-24,38.19,79,Clouds,light rain,4.69
Rajpura,2025-05-24,35.09,78,Rain,scattered clouds,8.0
Patiala,2025-05-24,37.9,56,Clear,overcast clouds,2.24
Bathinda,2025-05-25,21.68,43,Rain,clear sky,1.85
Malout,2025-05-25,29.43,49,Clouds,light rain,1.12
Mohali,2025-05-25,23.34,61,Rain,clear sky,1.34
Rajpura,2025-05-25,24.36,58,Clear,scattered clouds,9.28
Patiala,2025-05-25,37.7,45,Clouds,light rain,4.89
Bathinda,2025-05-26,25.04,82,Clear,clear sky,9.8
Malout,2025-05-26,33.85,88,Clouds,light rain,8.61
Mohali,2025-05-26,21.02,76,Clouds,scattered clouds,4.96
Rajpura,2025-05-26,26.86,43,Clouds,scattered clouds,3.64
Patiala,2025-05-26,30.08,77,Clouds,overcast clouds,7.43
Bathinda,2025-05-27,27.53,89,Clear,moderate rain,3.55
Malout,2025-05-27,36.79,58,Rain,scattered clouds,5.7
Mohali,2025-05-27,24.83,45,Rain,overcast clouds,6.57
Rajpura,2025-05-27,29.28,78,Rain,moderate rain,3.75
Patiala,2025-05-27,24.05,84,Rain,moderate rain,6.35
Bathinda,2025-05-28,23.72,44,Clear,overcast clouds,7.8
Malout,2025-05-28,29.91,50,Clouds,overcast clouds,7.15
Mohali,2025-05-28,27.55,79,Rain,light rain,8.13
Rajpura,2025-05-28,32.2,80,Clouds,moderate rain,3.76
Patiala,2025-05-28,33.72,87,Rain,moderate rain,3.28
Bathinda,2025-05-29,37.58,45,Clouds,clear sky,9.07
Malout,2025-05-29,39.11,79,Rain,moderate rain,6.9
Mohali,2025-05-29,31.86,65,Rain,moderate rain,2.21
Rajpura,2025-05-29,35.68,61,Clear,moderate rain,3.74
Patiala,2025-05-29,32.06,56,Rain,overcast clouds,8.48
Bathinda,2025-05-30,36.85,43,Rain,light rain,5.68
Malout,2025-05-30,36.28,63,Clear,scattered clouds,8.72
Mohali,2025-05-30,33.56,58,Clear,overcast clouds,5.15
Rajpura,2025-05-30,36.06,78,Rain,overcast clouds,8.54
Patiala,2025-05-30,33.02,50,Clouds,overcast clouds,3.82
Bathinda,2025-05-31,34.2,88,Rain,overcast clouds,9.94
Malout,2025-05-31,37.53,68,Rain,scattered clouds,8.88
Mohali,2025-05-31,34.32,52,Rain,overcast clouds,5.68
Rajpura,2025-05-31,34.79,49,Clouds,scattered clouds,2.85
Patiala,2025-05-31,31.41,81,Clouds,light rain,6.86
Bathinda,2025-06-01,34.03,72,Rain,scattered clouds,7.48
Malout,2025-06-01,37.67,49,Clear,moderate rain,3.85
Mohali,2025-06-01,23.38,78,Clear,clear sky,4.26
Rajpura,2025-06-01,23.49,82,Rain,clear sky,7.13
Patiala,2025-06-01,34.3,87,Clear,clear sky,7.99
Bathinda,2025-06-02,30.94,82,Rain,light rain,6.1
Malout,2025-06-02,29.81,55,Rain,clear sky,6.22
Mohali,2025-06-02,24.33,61,Rain,overcast clouds,3.83
Rajpura,2025-06-02,38.29,51,Clouds,overcast clouds,8.67
Patiala,2025-06-02,25.15,65,Rain,scattered clouds,2.29
Bathinda,2025-06-03,26.75,71,Clear,overcast clouds,3.21
Malout,2025-06-03,21.19,58,Rain,moderate rain,6.12
Mohali,2025-06-03,25.24,79,Clear,light rain,2.48
Rajpura,2025-06-03,31.59,49,Rain,light rain,2.08
Patiala,2025-06-03,24.22,90,Clouds,clear sky,3.77
Bathinda,2025-06-04,32.32,79,Clouds,clear sky,6.4
Malout,2025-06-04,23.82,57,Rain,moderate rain,1.81
Mohali,2025-06-04,31.88,56,Clouds,moderate rain,4.99
Rajpura,2025-06-04,23.86,66,Clouds,light rain,7.05
Patiala,2025-06-04,33.95,55,Rain,clear sky,7.41
Bathinda,2025-06-05,21.65,75,Clear,overcast clouds,9.39
Malout,2025-06-05,20.71,87,Rain,light rain,3.63
Mohali,2025-06-05,20.28,78,Clear,overcast clouds,4.28
Rajpura,2025-06-05,27.5,86,Rain,scattered clouds,3.74
Patiala,2025-06-05,35.1,89,Rain,clear sky,7.04
Bathinda,2025-06-06,29.64,86,Clear,overcast clouds,6.31
Malout,2025-06-06,32.94,83,Clouds,overcast clouds,7.28
Mohali,2025-06-06,34.56,61,Clear,moderate rain,1.56
Rajpura,2025-06-06,28.91,51,Clouds,clear sky,5.56
Patiala,2025-06-06,24.49,47,Clouds,clear sky,9.66
Bathinda,2025-06-07,33.96,54,Rain,clear sky,4.96
Malout,2025-06-07,39.3,51,Rain,overcast clouds,5.93
Mohali,2025-06-07,35.22,40,Clear,light rain,1.49
Rajpura,2025-06-07,20.55,79,Rain,moderate rain,3.21
Patiala,2025-06-07,21.29,72,Clouds,moderate rain,9.47
Bathinda,2025-06-08,33.52,68,Rain,clear sky,3.57
Malout,2025-06-08,25.58,47,Rain,light rain,4.33
Mohali,2025-06-08,22.16,81,Rain,clear sky,6.07
Rajpura,2025-06-08,39.19,58,Clouds,scattered clouds,2.93
Patiala,2025-06-08,31.96,78,Clouds,light rain,4.38
Bathinda,2025-06-09,38.78,78,Clear,clear sky,2.28
Malout,2025-06-09,25.08,65,Clear,overcast clouds,2.7
Mohali,2025-06-09,28.02,50,Rain,light rain,5.68
Rajpura,2025-06-09,25.72,70,Rain,moderate rain,7.1
Patiala,2025-06-09,31.61,72,Clouds,overcast clouds,9.16
Bathinda,2025-06-10,23.6,48,Rain,light rain,5.7
Malout,2025-06-10,26.43,46,Rain,moderate rain,8.81
Mohali,2025-06-10,24.0,65,Rain,moderate rain,1.11
Rajpura,2025-06-10,23.58,84,Rain,overcast clouds,5.79
Patiala,2025-06-10,39.89,55,Clouds,moderate rain,6.94
Bathinda,2025-06-11,34.34,53,Rain,overcast clouds,7.07
Malout,2025-06-11,22.02,42,Clouds,scattered clouds,7.37
Mohali,2025-06-11,31.3,58,Clouds,light rain,3.77
Rajpura,2025-06-11,29.96,70,Clouds,clear sky,4.88
Patiala,2025-06-11,30.91,90,Clear,overcast clouds,9.58
Bathinda,2025-06-12,35.15,83,Clear,clear sky,8.94
Malout,2025-06-12,20.51,83,Clouds,overcast clouds,3.19
Mohali,2025-06-12,25.0,85,Rain,overcast clouds,9.94
Rajpura,2025-06-12,21.4,60,Clear,light rain,9.44
Patiala,2025-06-12,25.1,53,Clouds,scattered clouds,2.25
Bathinda,2025-06-13,36.11,54,Clear,light rain,6.01
Malout,2025-06-13,33.97,66,Clouds,overcast clouds,1.8
Mohali,2025-06-13,22.82,56,Clouds,scattered clouds,8.23
Rajpura,2025-06-13,21.58,84,Clouds,overcast clouds,8.37
Patiala,2025-06-13,26.16,52,Clear,moderate rain,5.08
Bathinda,2025-06-14,37.49,51,Clear,overcast clouds,2.79
Malout,2025-06-14,39.68,49,Clouds,clear sky,1.03
Mohali,2025-06-14,33.61,80,Rain,scattered clouds,2.45
Rajpura,2025-06-14,33.46,60,Rain,overcast clouds,3.86
Patiala,2025-06-14,20.86,70,Clouds,clear sky,2.21
Bathinda,2025-06-15,27.85,81,Rain,overcast clouds,7.14
Malout,2025-06-15,21.13,60,Rain,moderate rain,9.45
Mohali,2025-06-15,28.5,46,Rain,overcast clouds,8.5
Rajpura,2025-06-15,25.96,73,Clear,light rain,8.71
Patiala,2025-06-15,34.42,87,Clouds,light rain,7.48
Bathinda,2025-06-16,33.84,66,Clouds,moderate rain,3.66
Malout,2025-06-16,39.31,50,Clear,clear sky,7.6
Mohali,2025-06-16,39.04,74,Clouds,light rain,3.93
Rajpura,2025-06-16,33.55,41,Rain,clear sky,3.44
Patiala,2025-06-16,34.61,56,Rain,scattered clouds,3.49
Bathinda,2025-06-17,39.75,84,Clouds,scattered clouds,3.61
Malout,2025-06-17,21.91,48,Clear,scattered clouds,2.84
Mohali,2025-06-17,23.71,85,Clouds,scattered clouds,1.28
Rajpura,2025-06-17,37.62,50,Clear,scattered clouds,4.6
Patiala,2025-06-17,30.83,40,Rain,light rain,8.86
Bathinda,2025-06-18,37.63,43,Clear,overcast clouds,7.49
Malout,2025-06-18,21.38,71,Rain,scattered clouds,4.11
Mohali,2025-06-18,29.78,88,Rain,scattered clouds,8.44
Rajpura,2025-06-18,28.87,60,Clear,scattered clouds,1.7
Patiala,2025-06-18,39.65,85,Clear,light rain,6.05
Bathinda,2025-06-19,37.49,65,Rain,moderate rain,3.39
Malout,2025-06-19,36.73,65,Rain,clear sky,3.72
Mohali,2025-06-19,37.13,77,Rain,clear sky,2.36
Rajpura,2025-06-19,38.99,76,Rain,overcast clouds,5.32
Patiala,2025-06-19,37.96,88,Clouds,overcast clouds,5.88
Bathinda,2025-06-20,24.51,63,Clear,light rain,2.74
Malout,2025-06-20,30.83,84,Clear,light rain,8.41
Mohali,2025-06-20,34.29,53,Clouds,clear sky,5.44
Rajpura,2025-06-20,28.13,42,Rain,clear sky,4.47
Patiala,2025-06-20,24.96,73,Clouds,clear sky,5.25
Bathinda,2025-06-21,21.86,54,Clouds,clear sky,5.96
Malout,2025-06-21,22.36,80,Rain,moderate rain,4.33
Mohali,2025-06-21,36.4,79,Rain,overcast clouds,8.05
Rajpura,2025-06-21,22.39,82,Rain,scattered clouds,4.15
Patiala,2025-06-21,29.26,59,Clear,overcast clouds,9.74
Bathinda,2025-06-22,35.52,70,Clear,overcast clouds,6.93
Malout,2025-06-22,27.19,60,Clear,clear sky,3.96
Mohali,2025-06-22,38.69,49,Clear,overcast clouds,6.4
Rajpura,2025-06-22,20.79,47,Clouds,overcast clouds,9.82
Patiala,2025-06-22,26.04,64,Clear,scattered clouds,7.52
Bathinda,2025-06-23,29.92,81,Clouds,light rain,6.59
Malout,2025-06-23,25.07,40,Rain,scattered clouds,4.22
Mohali,2025-06-23,32.74,67,Rain,scattered clouds,5.44
Rajpura,2025-06-23,29.3,64,Clouds,light rain,6.84
Patiala,2025-06-23,26.98,84,Clouds,clear sky,6.66
Bathinda,2025-06-24,31.81,53,Clouds,overcast clouds,6.11
Malout,2025-06-24,34.27,44,Clear,light rain,8.4
Mohali,2025-06-24,30.12,62,Rain,moderate rain,1.3
Rajpura,2025-06-24,21.98,40,Rain,scattered clouds,9.24
Patiala,2025-06-24,32.61,49,Clouds,light rain,9.02
Bathinda,2025-06-25,39.81,43,Clear,moderate rain,7.55
Malout,2025-06-25,30.12,50,Rain,scattered clouds,8.24
Mohali,2025-06-25,21.48,55,Rain,clear sky,8.96
Rajpura,2025-06-25,26.54,41,Clear,light rain,7.39
Patiala,2025-06-25,24.46,49,Clear,scattered clouds,6.84
Bathinda,2025-06-26,37.61,83,Clouds,clear sky,6.67
Malout,2025-06-26,26.77,60,Clouds,moderate rain,2.71
Mohali,2025-06-26,31.66,48,Rain,scattered clouds,8.71
Rajpura,2025-06-26,38.78,61,Clear,overcast clouds,3.21
Patiala,2025-06-26,26.43,46,Rain,clear sky,9.38
Bathinda,2025-06-27,30.76,82,Rain,clear sky,4.74
Malout,2025-06-27,35.2,87,Clouds,light rain,5.53
Mohali,2025-06-27,31.46,41,Rain,clear sky,6.59
Rajpura,2025-06-27,32.58,64,Rain,clear sky,9.46
Patiala,2025-06-27,38.19,79,Clouds,light rain,4.52
Bathinda,2025-06-28,25.45,60,Rain,clear sky,9.85
Malout,2025-06-28,22.0,46,Clouds,moderate rain,6.39
Mohali,2025-06-28,25.2,81,Rain,scattered clouds,4.88
Rajpura,2025-06-28,21.62,71,Clouds,clear sky,2.54
Patiala,2025-06-28,30.8,72,Clouds,overcast clouds,3.34
Bathinda,2025-06-29,23.49,87,Clear,overcast clouds,7.32
Malout,2025-06-29,31.49,86,Clouds,light rain,9.08
Mohali,2025-06-29,20.87,81,Rain,overcast clouds,2.14
Rajpura,2025-06-29,26.79,64,Rain,moderate rain,3.1
Patiala,2025-06-29,27.7,43,Rain,overcast clouds,5.83
Bathinda,2025-06-30,29.46,52,Clear,overcast clouds,2.14
Malout,2025-06-30,22.39,60,Clouds,clear sky,7.4
Mohali,2025-06-30,21.74,44,Clear,clear sky,4.31
Rajpura,2025-06-30,32.98,86,Clouds,scattered clouds,2.5
Patiala,2025-06-30,27.22,81,Clouds,scattered clouds,6.76
Bathinda,2025-07-01,20.2,43,Rain,overcast clouds,9.5
Malout,2025-07-01,23.26,60,Clear,light rain,6.86
Mohali,2025-07-01,39.18,51,Rain,light rain,8.48
Rajpura,2025-07-01,35.93,73,Clear,light rain,4.1
Patiala,2025-07-01,33.09,90,Clouds,moderate rain,4.19
Bathinda,2025-07-02,32.75,83,Clouds,light rain,5.22
Malout,2025-07-02,28.59,59,Clear,light rain,8.76
Mohali,2025-07-02,33.8,60,Clouds,clear sky,9.04
Rajpura,2025-07-02,22.71,52,Rain,moderate rain,9.49
Patiala,2025-07-02,25.79,74,Clear,clear sky,8.07
Bathinda,2025-07-03,25.03,65,Rain,moderate rain,8.15
Malout,2025-07-03,31.76,47,Clouds,light rain,7.56
Mohali,2025-07-03,21.19,62,Clear,clear sky,3.91
Rajpura,2025-07-03,32.49,43,Rain,scattered clouds,1.93
Patiala,2025-07-03,24.62,60,Clear,overcast clouds,3.36
Bathinda,2025-07-04,38.23,59,Clear,light rain,4.38
Malout,2025-07-04,31.63,79,Clouds,overcast clouds,7.11
Mohali,2025-07-04,39.93,63,Clear,clear sky,4.75
Rajpura,2025-07-04,31.69,73,Clouds,scattered clouds,5.45
Patiala,2025-07-04,37.68,75,Rain,moderate rain,4.8
Bathinda,2025-07-05,37.6,58,Rain,moderate rain,1.38
Malout,2025-07-05,25.59,54,Clouds,scattered clouds,7.58
Mohali,2025-07-05,22.55,50,Rain,light rain,8.17
Rajpura,2025-07-05,29.79,42,Clear,clear sky,6.76
Patiala,2025-07-05,22.65,44,Rain,overcast clouds,1.64
Bathinda,2025-07-06,21.22,58,Clear,scattered clouds,5.26
Malout,2025-07-06,27.22,61,Clear,moderate rain,5.32
Mohali,2025-07-06,25.48,43,Clear,light rain,2.71
Rajpura,2025-07-06,36.66,53,Rain,light rain,5.04
Patiala,2025-07-06,29.77,50,Clear,light rain,1.93
Bathinda,2025-07-07,35.81,84,Clear,scattered clouds,1.55
Malout,2025-07-07,32.03,76,Clouds,scattered clouds,9.26
Mohali,2025-07-07,38.31,40,Clear,clear sky,8.74
Rajpura,2025-07-07,36.62,56,Clear,clear sky,4.52
Patiala,2025-07-07,38.36,75,Rain,light rain,1.22
Bathinda,2025-07-08,20.72,72,Clear,clear sky,3.14
Malout,2025-07-08,28.01,48,Rain,overcast clouds,6.77
Mohali,2025-07-08,26.78,56,Clear,clear sky,6.7
Rajpura,2025-07-08,26.82,67,Clear,light rain,2.08
Patiala,2025-07-08,33.86,80,Rain,light rain,6.69
Bathinda,2025-07-09,36.76,77,Clouds,moderate rain,8.59
Malout,2025-07-09,38.72,83,Rain,light rain,1.4
Mohali,2025-07-09,20.76,41,Clear,moderate rain,8.56
Rajpura,2025-07-09,30.98,82,Rain,scattered clouds,9.47
Patiala,2025-07-09,28.08,56,Rain,clear sky,7.41
Bathinda,2025-07-10,32.05,44,Clouds,scattered clouds,5.65
Malout,2025-07-10,34.87,62,Clear,light rain,3.61
Mohali,2025-07-10,29.39,66,Clouds,moderate rain,7.98
Rajpura,2025-07-10,32.42,62,Rain,clear sky,5.26
Patiala,2025-07-10,31.41,57,Rain,overcast clouds,9.48
Bathinda,2025-07-11,21.78,85,Clouds,light rain,9.37
Malout,2025-07-11,32.96,43,Clouds,clear sky,1.31
Mohali,2025-07-11,26.17,73,Clouds,clear sky,9.85
Rajpura,2025-07-11,32.08,63,Clouds,scattered clouds,9.44
Patiala,2025-07-11,35.86,40,Rain,clear sky,1.68
Bathinda,2025-07-12,30.73,52,Clouds,light rain,8.22
Malout,2025-07-12,31.78,40,Clear,moderate rain,1.25
Mohali,2025-07-12,34.52,66,Clear,moderate rain,2.33
Rajpura,2025-07-12,39.44,78,Clear,scattered clouds,1.06
Patiala,2025-07-12,29.41,70,Clear,moderate rain,9.05
Bathinda,2025-07-13,36.42,90,Clear,moderate rain,9.39
Malout,2025-07-13,24.36,58,Rain,overcast clouds,4.31
Mohali,2025-07-13,27.69,54,Clouds,moderate rain,8.05
Rajpura,2025-07-13,35.12,74,Clouds,clear sky,2.47
Patiala,2025-07-13,37.2,79,Rain,clear sky,3.37
Bathinda,2025-07-14,36.84,76,Clouds,scattered clouds,9.93
Malout,2025-07-14,30.9,53,Rain,light rain,4.69
Mohali,2025-07-14,30.46,67,Clouds,overcast clouds,1.92
Rajpura,2025-07-14,22.1,64,Rain,scattered clouds,9.07
Patiala,2025-07-14,30.31,65,Clouds,clear sky,3.04
Bathinda,2025-07-15,21.84,78,Clear,clear sky,7.25
Malout,2025-07-15,38.41,67,Rain,moderate rain,6.35
Mohali,2025-07-15,34.06,90,Clear,overcast clouds,4.04
Rajpura,2025-07-15,32.07,51,Clear,light rain,4.63
Patiala,2025-07-15,36.47,66,Rain,scattered clouds,4.23
Bathinda,2025-07-16,31.29,76,Clear,overcast clouds,7.14
Malout,2025-07-16,37.26,61,Clouds,scattered clouds,7.09
Mohali,2025-07-16,29.3,80,Rain,overcast clouds,5.65
Rajpura,2025-07-16,37.13,89,Clear,moderate rain,4.46
Patiala,2025-07-16,20.08,83,Rain,scattered clouds,1.26
Bathinda,2025-07-17,26.7,44,Clear,overcast clouds,8.69
Malout,2025-07-17,29.95,71,Rain,light rain,4.06
Mohali,2025-07-17,30.2,42,Clouds,moderate rain,7.16
Rajpura,2025-07-17,33.5,49,Clouds,scattered clouds,3.47
Patiala,2025-07-17,37.81,59,Clouds,moderate rain,2.53
Bathinda,2025-07-18,36.76,66,Rain,light rain,7.09
Malout,2025-07-18,27.22,50,Clouds,moderate rain,9.78
Mohali,2025-07-18,20.8,40,Clouds,light rain,6.76
Rajpura,2025-07-18,31.46,72,Rain,clear sky,4.94
Patiala,2025-07-18,37.65,48,Rain,clear sky,4.24
Bathinda,2025-07-19,38.81,68,Clear,light rain,8.92
Malout,2025-07-19,20.24,78,Clouds,scattered clouds,7.58
Mohali,2025-07-19,26.58,83,Rain,clear sky,6.87
Rajpura,2025-07-19,39.82,60,Clear,scattered clouds,9.86
Patiala,2025-07-19,32.29,54,Rain,scattered clouds,5.8
Bathinda,2025-07-20,24.91,75,Rain,scattered clouds,2.82
Malout,2025-07-20,39.4,69,Clear,clear sky,7.88
Mohali,2025-07-20,29.52,86,Clouds,light rain,8.13
Rajpura,2025-07-20,25.67,69,Clouds,moderate rain,6.7
Patiala,2025-07-20,36.65,82,Clear,moderate rain,9.77
Bathinda,2025-07-21,26.66,69,Clouds,scattered clouds,8.97
Malout,2025-07-21,33.16,72,Clouds,overcast clouds,5.21
Mohali,2025-07-21,20.57,87,Rain,clear sky,3.06
Rajpura,2025-07-21,22.81,70,Clear,moderate rain,5.36
Patiala,2025-07-21,37.46,75,Clouds,moderate rain,4.06
Bathinda,2025-07-22,36.62,73,Rain,clear sky,7.03
Malout,2025-07-22,38.51,77,Clouds,clear sky,9.13
Mohali,2025-07-22,32.47,80,Clouds,scattered clouds,4.07
Rajpura,2025-07-22,36.38,56,Clear,overcast clouds,7.16
Patiala,2025-07-22,38.89,58,Clouds,scattered clouds,3.88
Bathinda,2025-07-23,29.35,59,Clear,overcast clouds,9.88
Malout,2025-07-23,30.34,50,Rain,moderate rain,5.0
Mohali,2025-07-23,25.68,76,Rain,moderate rain,5.28
Rajpura,2025-07-23,26.05,75,Clear,overcast clouds,4.22
Patiala,2025-07-23,23.67,48,Clear,scattered clouds,5.18
Bathinda,2025-07-24,24.85,68,Clouds,scattered clouds,1.9
Malout,2025-07-24,25.67,80,Clouds,scattered clouds,8.61
Mohali,2025-07-24,23.59,49,Clear,scattered clouds,4.37
Rajpura,2025-07-24,37.03,58,Clear,moderate rain,7.56
Patiala,2025-07-24,25.29,45,Clouds,light rain,7.54
Bathinda,2025-07-25,31.16,75,Clouds,moderate rain,3.57
Malout,2025-07-25,35.54,69,Clear,scattered clouds,2.87
Mohali,2025-07-25,33.38,57,Clouds,scattered clouds,7.71
Rajpura,2025-07-25,34.89,48,Rain,light rain,4.43
Patiala,2025-07-25,29.38,52,Clear,clear sky,8.94
Bathinda,2025-07-26,29.94,75,Clear,light rain,2.1
Malout,2025-07-26,21.47,48,Rain,scattered clouds,8.58
Mohali,2025-07-26,37.19,82,Clear,scattered clouds,5.81
Rajpura,2025-07-26,31.9,78,Clear,moderate rain,7.31
Patiala,2025-07-26,37.93,74,Clouds,light rain,7.15
Bathinda,2025-07-27,28.22,54,Clear,clear sky,9.02
Malout,2025-07-27,24.22,56,Clear,overcast clouds,6.6
Mohali,2025-07-27,33.04,67,Clear,moderate rain,4.0
Rajpura,2025-07-27,33.82,79,Clear,overcast clouds,3.16
Patiala,2025-07-27,23.55,41,Clouds,clear sky,4.99
Bathinda,2025-07-28,34.17,55,Rain,clear sky,9.02
Malout,2025-07-28,28.16,82,Clouds,scattered clouds,3.0
Mohali,2025-07-28,32.41,45,Clear,moderate rain,9.78
Rajpura,2025-07-28,30.37,66,Clear,scattered clouds,4.94
Patiala,2025-07-28,30.59,59,Clear,moderate rain,8.21
Bathinda,2025-07-29,20.31,54,Rain,clear sky,5.04
Malout,2025-07-29,22.74,66,Clear,light rain,3.66
Mohali,2025-07-29,23.34,68,Clear,scattered clouds,7.78
Rajpura,2025-07-29,34.73,65,Clouds,clear sky,6.57
Patiala,2025-07-29,25.91,77,Clear,overcast clouds,1.42
Bathinda,2025-07-30,33.8,49,Clouds,overcast clouds,1.96
Malout,2025-07-30,23.52,53,Clouds,scattered clouds,8.85
Mohali,2025-07-30,35.59,82,Clouds,light rain,7.39
Rajpura,2025-07-30,36.4,82,Rain,clear sky,1.54
Patiala,2025-07-30,20.05,58,Clouds,light rain,8.17
Bathinda,2025-07-31,22.22,42,Clear,clear sky,9.33
Malout,2025-07-31,22.25,40,Rain,clear sky,7.73
Mohali,2025-07-31,21.12,83,Clouds,moderate rain,5.64
Rajpura,2025-07-31,29.12,60,Clouds,clear sky,4.98
Patiala,2025-07-31,25.71,88,Clouds,overcast clouds,1.72
Bathinda,2025-08-01,33.47,67,Clouds,moderate rain,2.0
Malout,2025-08-01,30.75,68,Rain,light rain,5.55
Mohali,2025-08-01,25.97,50,Clouds,clear sky,3.41
Rajpura,2025-08-01,32.3,40,Clouds,overcast clouds,6.64
Patiala,2025-08-01,37.78,47,Clouds,clear sky,4.88
Bathinda,2025-08-02,26.2,63,Clouds,light rain,7.11
Malout,2025-08-02,28.04,71,Rain,moderate rain,1.32
Mohali,2025-08-02,26.45,71,Rain,moderate rain,9.38
Rajpura,2025-08-02,29.71,60,Clouds,overcast clouds,6.94
Patiala,2025-08-02,34.39,50,Clouds,moderate rain,7.63
Bathinda,2025-08-03,26.23,56,Rain,overcast clouds,4.36
Malout,2025-08-03,37.0,65,Rain,overcast clouds,6.18
Mohali,2025-08-03,28.26,77,Clouds,moderate rain,5.33
Rajpura,2025-08-03,27.53,41,Rain,light rain,5.2
Patiala,2025-08-03,30.6,64,Clouds,overcast clouds,5.26
Bathinda,2025-08-04,30.31,76,Rain,light rain,9.09
Malout,2025-08-04,30.39,43,Rain,scattered clouds,8.68
Mohali,2025-08-04,31.98,77,Clear,moderate rain,6.18
Rajpura,2025-08-04,26.64,79,Clouds,light rain,1.89
Patiala,2025-08-04,27.54,81,Clouds,clear sky,1.91
Bathinda,2025-08-05,21.02,78,Rain,light rain,7.04
Malout,2025-08-05,38.67,64,Clear,moderate rain,7.34
Mohali,2025-08-05,33.37,89,Clouds,clear sky,8.81
Rajpura,2025-08-05,23.31,81,Clear,overcast clouds,1.87
Patiala,2025-08-05,25.0,79,Clouds,moderate rain,2.76
Bathinda,2025-08-06,26.54,45,Clouds,light rain,3.71
Malout,2025-08-06,31.39,82,Clouds,clear sky,9.33
Mohali,2025-08-06,29.86,64,Clear,overcast clouds,4.43
Rajpura,2025-08-06,29.72,41,Clear,light rain,8.08
Patiala,2025-08-06,37.13,60,Clear,scattered clouds,5.12
Bathinda,2025-08-07,39.68,45,Rain,clear sky,7.25
Malout,2025-08-07,23.58,77,Clear,scattered clouds,9.39
Mohali,2025-08-07,23.27,77,Rain,moderate rain,8.77
Rajpura,2025-08-07,36.31,44,Clear,overcast clouds,6.66
Patiala,2025-08-07,37.67,85,Rain,clear sky,8.27
Bathinda,2025-08-08,23.93,66,Clouds,clear sky,4.29
Malout,2025-08-08,21.78,70,Clear,scattered clouds,3.42
Mohali,2025-08-08,31.2,88,Clear,scattered clouds,3.17
Rajpura,2025-08-08,36.34,63,Clouds,light rain,7.04
Patiala,2025-08-08,22.6,43,Rain,moderate rain,6.61
Bathinda,2025-08-09,31.96,81,Clouds,moderate rain,8.65
Malout,2025-08-09,35.79,65,Clear,overcast clouds,8.55
Mohali,2025-08-09,35.27,74,Clouds,light rain,2.21
Rajpura,2025-08-09,37.79,55,Clear,moderate rain,5.75
Patiala,2025-08-09,29.64,82,Clouds,moderate rain,2.82
Bathinda,2025-08-10,32.04,60,Clouds,scattered clouds,7.5
Malout,2025-08-10,38.72,53,Rain,moderate rain,3.14
Mohali,2025-08-10,24.07,87,Rain,light rain,2.71
Rajpura,2025-08-10,25.81,45,Clouds,clear sky,3.26
Patiala,2025-08-10,39.12,86,Clouds,clear sky,2.12
Bathinda,2025-08-11,23.56,43,Rain,moderate rain,8.11
Malout,2025-08-11,34.76,65,Clouds,light rain,3.46
Mohali,2025-08-11,39.13,52,Rain,moderate rain,1.06
Rajpura,2025-08-11,33.74,70,Clear,clear sky,1.02
Patiala,2025-08-11,20.34,61,Rain,clear sky,5.81
Bathinda,2025-08-12,35.75,41,Clear,light rain,3.97
Malout,2025-08-12,32.29,80,Clouds,clear sky,9.26
Mohali,2025-08-12,31.18,66,Clear,scattered clouds,1.88
Rajpura,2025-08-12,30.59,68,Rain,overcast clouds,1.0
Patiala,2025-08-12,36.89,66,Rain,light rain,2.16
Bathinda,2025-08-13,25.13,40,Clear,moderate rain,6.88
Malout,2025-08-13,34.0,82,Clouds,scattered clouds,4.82
Mohali,2025-08-13,26.12,85,Rain,scattered clouds,4.15
Rajpura,2025-08-13,32.06,43,Clear,overcast clouds,2.55
Patiala,2025-08-13,38.03,60,Clear,light rain,5.35
Bathinda,2025-08-14,32.26,40,Rain,scattered clouds,6.17
Malout,2025-08-14,32.79,53,Clear,overcast clouds,6.59
Mohali,2025-08-14,30.02,42,Clear,light rain,3.62
Rajpura,2025-08-14,36.28,60,Clouds,moderate rain,1.7
Patiala,2025-08-14,27.97,47,Clouds,light rain,1.04
Bathinda,2025-08-15,27.12,73,Rain,clear sky,2.77
Malout,2025-08-15,28.83,77,Clear,moderate rain,6.86
Mohali,2025-08-15,36.58,56,Clear,clear sky,7.78
Rajpura,2025-08-15,25.45,54,Clouds,scattered clouds,3.84
Patiala,2025-08-15,23.56,43,Clear,light rain,8.27
Bathinda,2025-08-16,23.07,75,Rain,light rain,1.1
Malout,2025-08-16,37.09,46,Clear,moderate rain,8.46
Mohali,2025-08-16,29.98,55,Clear,clear sky,4.78
Rajpura,2025-08-16,37.73,69,Rain,clear sky,9.11
Patiala,2025-08-16,20.94,49,Clouds,light rain,7.79
Bathinda,2025-08-17,28.14,64,Clear,light rain,3.11
Malout,2025-08-17,32.79,76,Clouds,light rain,1.71
Mohali,2025-08-17,26.63,83,Clouds,moderate rain,9.79
Rajpura,2025-08-17,35.11,73,Clear,moderate rain,1.38
Patiala,2025-08-17,24.25,46,Rain,moderate rain,5.6
Bathinda,2025-08-18,36.81,72,Clear,light rain,5.22
Malout,2025-08-18,30.52,56,Clouds,scattered clouds,9.54
Mohali,2025-08-18,28.9,79,Clouds,scattered clouds,4.18
Rajpura,2025-08-18,27.65,59,Clouds,overcast clouds,9.04
Patiala,2025-08-18,39.37,86,Clear,clear sky,8.02
Bathinda,2025-08-19,30.48,60,Rain,moderate rain,4.67
Malout,2025-08-19,21.07,79,Clear,light rain,2.5
Mohali,2025-08-19,30.34,68,Clouds,moderate rain,9.07
Rajpura,2025-08-19,32.9,47,Clouds,light rain,7.26
Patiala,2025-08-19,33.43,72,Clouds,moderate rain,1.36
Bathinda,2025-08-20,32.63,83,Rain,overcast clouds,2.36
Malout,2025-08-20,20.13,83,Rain,overcast clouds,9.55
Mohali,2025-08-20,33.34,71,Rain,clear sky,4.55
Rajpura,2025-08-20,37.77,82,Clouds,moderate rain,5.05
Patiala,2025-08-20,20.3,68,Clear,clear sky,3.68
Bathinda,2025-08-21,26.53,72,Rain,overcast clouds,4.12
Malout,2025-08-21,26.77,43,Clear,overcast clouds,5.58
Mohali,2025-08-21,23.33,89,Clouds,overcast clouds,7.8
Rajpura,2025-08-21,36.57,64,Clouds,moderate rain,3.03
Patiala,2025-08-21,27.09,40,Clouds,light rain,4.05
Bathinda,2025-08-22,35.87,83,Rain,clear sky,4.76
Malout,2025-08-22,34.47,53,Clouds,overcast clouds,1.18
Mohali,2025-08-22,20.68,66,Rain,light rain,2.57
Rajpura,2025-08-22,35.77,69,Rain,clear sky,9.55
Patiala,2025-08-22,35.38,45,Clear,overcast clouds,4.12
Bathinda,2025-08-23,23.88,80,Clouds,light rain,7.38
Malout,2025-08-23,22.22,46,Clouds,scattered clouds,1.59
Mohali,2025-08-23,36.97,53,Clear,overcast clouds,3.86
Rajpura,2025-08-23,38.9,62,Clouds,moderate rain,7.1
Patiala,2025-08-23,39.19,71,Rain,scattered clouds,9.49
Bathinda,2025-08-24,21.59,55,Clouds,clear sky,3.62
Malout,2025-08-24,29.73,77,Rain,overcast clouds,5.17
Mohali,2025-08-24,26.13,41,Rain,light rain,8.39
Rajpura,2025-08-24,22.51,50,Clear,light rain,3.08
Patiala,2025-08-24,26.94,70,Clear,moderate rain,5.09
Bathinda,2025-08-25,27.1,43,Rain,moderate rain,2.83
Malout,2025-08-25,28.93,62,Clear,light rain,2.18
Mohali,2025-08-25,37.07,53,Clear,scattered clouds,2.65
Rajpura,2025-08-25,33.47,63,Rain,moderate rain,8.36
Patiala,2025-08-25,28.13,55,Rain,light rain,1.72
Bathinda,2025-08-26,30.65,74,Clear,light rain,2.67
Malout,2025-08-26,26.92,44,Rain,scattered clouds,9.8
Mohali,2025-08-26,39.48,86,Clouds,light rain,8.7
Rajpura,2025-08-26,27.87,86,Rain,overcast clouds,8.37
Patiala,2025-08-26,36.28,66,Rain,moderate rain,5.98
Bathinda,2025-08-27,38.46,81,Rain,moderate rain,9.82
Malout,2025-08-27,21.46,75,Clear,overcast clouds,2.57
Mohali,2025-08-27,23.06,65,Clouds,moderate rain,6.31
Rajpura,2025-08-27,38.13,69,Rain,clear sky,3.46
Patiala,2025-08-27,32.75,82,Clear,overcast clouds,2.5
Bathinda,2025-08-28,26.61,65,Clear,scattered clouds,8.12
Malout,2025-08-28,33.39,69,Rain,clear sky,8.7
Mohali,2025-08-28,31.89,42,Rain,scattered clouds,2.57
Rajpura,2025-08-28,34.33,52,Clear,clear sky,2.76
Patiala,2025-08-28,23.15,67,Rain,light rain,9.59
Bathinda,2025-08-29,23.37,70,Clouds,moderate rain,8.82
Malout,2025-08-29,27.58,82,Clear,light rain,4.61
Mohali,2025-08-29,20.31,85,Clouds,clear sky,1.83
Rajpura,2025-08-29,24.97,73,Rain,scattered clouds,3.31
Patiala,2025-08-29,24.65,75,Clear,scattered clouds,1.12
Bathinda,2025-08-30,33.92,84,Rain,light rain,6.32
Malout,2025-08-30,30.11,53,Clouds,overcast clouds,5.84
Mohali,2025-08-30,39.94,69,Rain,moderate rain,3.52
Rajpura,2025-08-30,33.39,41,Clear,overcast clouds,9.42
Patiala,2025-08-30,34.33,41,Clouds,scattered clouds,6.35
Bathinda,2025-08-31,22.17,67,Clear,light rain,5.96
Malout,2025-08-31,24.94,76,Clear,overcast clouds,1.97
Mohali,2025-08-31,32.17,44,Rain,clear sky,7.01
Rajpura,2025-08-31,22.81,46,Clear,scattered clouds,9.18
Patiala,2025-08-31,27.24,56,Clouds,scattered clouds,6.38
Bathinda,2025-09-01,27.1,56,Clear,clear sky,1.89
Malout,2025-09-01,21.71,50,Rain,overcast clouds,2.62
Mohali,2025-09-01,34.13,51,Clear,moderate rain,9.73
Rajpura,2025-09-01,23.78,46,Rain,overcast clouds,9.93
Patiala,2025-09-01,32.48,90,Rain,moderate rain,9.89
Bathinda,2025-09-02,39.65,89,Rain,light rain,1.02
Malout,2025-09-02,30.51,43,Clear,light rain,3.49
Mohali,2025-09-02,30.21,68,Rain,clear sky,6.83
Rajpura,2025-09-02,37.61,45,Clear,light rain,3.18
Patiala,2025-09-02,35.24,71,Clear,scattered clouds,7.47
Bathinda,2025-09-03,32.08,76,Clouds,clear sky,4.72
Malout,2025-09-03,34.26,62,Clear,light rain,6.78
Mohali,2025-09-03,26.89,70,Clouds,clear sky,1.38
Rajpura,2025-09-03,32.4,58,Clouds,light rain,3.74
Patiala,2025-09-03,35.44,53,Clear,light rain,3.15
Bathinda,2025-09-04,33.05,84,Rain,light rain,3.45
Malout,2025-09-04,22.01,88,Clouds,scattered clouds,8.09
Mohali,2025-09-04,35.88,85,Clouds,moderate rain,4.35
Rajpura,2025-09-04,38.65,57,Clear,clear sky,4.85
Patiala,2025-09-04,29.79,49,Rain,clear sky,1.6
Bathinda,2025-09-05,20.37,60,Rain,overcast clouds,6.76
Malout,2025-09-05,32.37,85,Clear,light rain,9.17
Mohali,2025-09-05,25.67,66,Rain,scattered clouds,5.32
Rajpura,2025-09-05,33.02,52,Rain,overcast clouds,5.87
Patiala,2025-09-05,36.42,65,Clouds,moderate rain,9.44
Bathinda,2025-09-06,36.13,47,Rain,clear sky,3.16
Malout,2025-09-06,25.57,80,Clouds,clear sky,7.39
Mohali,2025-09-06,27.66,76,Clear,moderate rain,5.72
Rajpura,2025-09-06,30.9,83,Clouds,clear sky,8.13
Patiala,2025-09-06,27.65,65,Clouds,clear sky,5.49
Bathinda,2025-09-07,28.26,56,Clouds,clear sky,2.38
Malout,2025-09-07,21.06,87,Clouds,moderate rain,7.34
Mohali,2025-09-07,37.63,48,Rain,clear sky,4.65
Rajpura,2025-09-07,37.79,60,Clear,scattered clouds,3.03
Patiala,2025-09-07,36.93,79,Clouds,overcast clouds,6.6
Bathinda,2025-09-08,26.97,80,Rain,moderate rain,6.14
Malout,2025-09-08,21.24,46,Rain,scattered clouds,6.51
Mohali,2025-09-08,23.55,89,Clouds,clear sky,7.19
Rajpura,2025-09-08,36.92,66,Rain,scattered clouds,5.91
Patiala,2025-09-08,38.7,47,Rain,clear sky,5.24
Bathinda,2025-09-09,20.21,52,Clouds,light rain,7.42
Malout,2025-09-09,25.07,53,Rain,light rain,5.69
Mohali,2025-09-09,21.89,73,Clear,light rain,5.27
Rajpura,2025-09-09,25.09,75,Clouds,moderate rain,1.11
Patiala,2025-09-09,24.04,47,Clouds,clear sky,7.62
Bathinda,2025-09-10,21.43,83,Clouds,overcast clouds,9.43
Malout,2025-09-10,29.14,40,Clear,light rain,8.0
Mohali,2025-09-10,37.19,53,Clear,light rain,2.59
Rajpura,2025-09-10,28.94,83,Rain,clear sky,2.38
Patiala,2025-09-10,24.54,78,Clouds,clear sky,6.74
Bathinda,2025-09-11,22.82,86,Clouds,overcast clouds,3.54
Malout,2025-09-11,29.66,81,Clear,moderate rain,9.05
Mohali,2025-09-11,29.75,46,Clear,scattered clouds,2.42
Rajpura,2025-09-11,32.45,54,Clouds,light rain,2.16
Patiala,2025-09-11,36.87,45,Rain,clear sky,6.09
Bathinda,2025-09-12,22.42,52,Rain,light rain,4.43
Malout,2025-09-12,39.9,54,Rain,overcast clouds,4.99
Mohali,2025-09-12,23.65,54,Rain,scattered clouds,5.23
Rajpura,2025-09-12,23.77,63,Rain,clear sky,3.15
Patiala,2025-09-12,39.31,49,Clear,moderate rain,5.05
Bathinda,2025-09-13,37.28,72,Rain,moderate rain,1.17
Malout,2025-09-13,23.17,62,Clouds,scattered clouds,7.2
Mohali,2025-09-13,30.93,90,Rain,scattered clouds,5.43
Rajpura,2025-09-13,25.16,81,Clouds,light rain,3.23
Patiala,2025-09-13,23.52,51,Clear,clear sky,2.62
Bathinda,2025-09-14,24.16,56,Clouds,overcast clouds,2.64
Malout,2025-09-14,31.88,88,Clear,light rain,7.55
Mohali,2025-09-14,25.88,79,Rain,light rain,7.68
Rajpura,2025-09-14,22.16,74,Clear,moderate rain,4.69
Patiala,2025-09-14,32.57,60,Rain,clear sky,7.21
Bathinda,2025-09-15,27.58,83,Clouds,overcast clouds,4.82
Malout,2025-09-15,28.65,47,Clear,scattered clouds,2.76
Mohali,2025-09-15,29.33,74,Clear,light rain,4.81
Rajpura,2025-09-15,37.23,51,Rain,moderate rain,7.64
Patiala,2025-09-15,34.83,46,Rain,moderate rain,2.57
Bathinda,2025-09-16,24.19,84,Clear,light rain,5.99
Malout,2025-09-16,28.39,67,Rain,scattered clouds,8.0
Mohali,2025-09-16,24.29,46,Rain,moderate rain,8.66
Rajpura,2025-09-16,35.49,66,Clear,scattered clouds,5.59
Patiala,2025-09-16,33.59,44,Clouds,clear sky,7.55
Bathinda,2025-09-17,20.3,77,Rain,light rain,3.39
Malout,2025-09-17,36.24,68,Clouds,overcast clouds,7.01
Mohali,2025-09-17,30.85,41,Clouds,moderate rain,4.41
Rajpura,2025-09-17,26.33,76,Clouds,light rain,5.98
Patiala,2025-09-17,37.95,63,Rain,scattered clouds,3.96
Bathinda,2025-09-18,20.35,78,Clear,overcast clouds,2.89
Malout,2025-09-18,34.76,89,Clear,overcast clouds,4.63
Mohali,2025-09-18,31.67,70,Clouds,clear sky,4.33
Rajpura,2025-09-18,24.12,85,Rain,light rain,7.1
Patiala,2025-09-18,25.9,75,Rain,light rain,6.01
Bathinda,2025-09-19,31.19,68,Rain,overcast clouds,4.2
Malout,2025-09-19,27.86,51,Clouds,clear sky,4.39
Mohali,2025-09-19,29.35,81,Rain,clear sky,3.81
Rajpura,2025-09-19,29.98,79,Clouds,light rain,9.35
Patiala,2025-09-19,25.84,69,Rain,clear sky,3.3
Bathinda,2025-09-20,30.64,86,Clouds,moderate rain,8.67
Malout,2025-09-20,35.83,45,Clear,clear sky,7.83
Mohali,2025-09-20,29.43,73,Clear,clear sky,6.55
Rajpura,2025-09-20,28.42,51,Clear,light rain,5.78
Patiala,2025-09-20,24.0,54,Clouds,overcast clouds,1.59
Bathinda,2025-09-21,30.41,77,Clouds,clear sky,9.52
Malout,2025-09-21,29.23,78,Rain,scattered clouds,2.65
Mohali,2025-09-21,30.96,49,Clear,moderate rain,9.6
Rajpura,2025-09-21,37.36,48,Clear,light rain,7.9
Patiala,2025-09-21,25.75,59,Clouds,light rain,1.34
Bathinda,2025-09-22,39.37,41,Clear,moderate rain,1.82
Malout,2025-09-22,39.37,72,Rain,clear sky,8.32
Mohali,2025-09-22,36.98,84,Clear,moderate rain,7.91
Rajpura,2025-09-22,37.36,58,Clear,scattered clouds,7.78
Patiala,2025-09-22,30.54,69,Clouds,clear sky,2.12
Bathinda,2025-09-23,23.39,63,Clear,scattered clouds,4.84
Malout,2025-09-23,38.57,46,Clouds,overcast clouds,7.62
Mohali,2025-09-23,27.2,45,Clouds,light rain,4.16
Rajpura,2025-09-23,20.39,76,Clear,clear sky,5.74
Patiala,2025-09-23,37.94,40,Clear,light rain,4.84
Bathinda,2025-09-24,29.07,50,Clear,overcast clouds,3.08
Malout,2025-09-24,33.56,78,Clouds,scattered clouds,2.83
Mohali,2025-09-24,29.0,82,Clouds,scattered clouds,8.16
Rajpura,2025-09-24,30.72,80,Clear,scattered clouds,7.38
Patiala,2025-09-24,29.91,67,Clouds,moderate rain,8.95
Bathinda,2025-09-25,31.69,55,Clear,light rain,1.38
Malout,2025-09-25,21.87,49,Clear,light rain,4.54
Mohali,2025-09-25,37.78,63,Clear,light rain,3.51
Rajpura,2025-09-25,22.37,54,Rain,moderate rain,7.48
Patiala,2025-09-25,27.34,60,Rain,scattered clouds,2.22
Bathinda,2025-09-26,20.18,59,Rain,light rain,6.34
Malout,2025-09-26,36.41,90,Rain,light rain,1.81
Mohali,2025-09-26,31.64,65,Clouds,clear sky,6.34
Rajpura,2025-09-26,25.79,84,Clouds,moderate rain,9.24
Patiala,2025-09-26,36.2,84,Rain,overcast clouds,2.54
Bathinda,2025-09-27,21.97,40,Clouds,clear sky,4.31
Malout,2025-09-27,21.72,65,Clouds,moderate rain,9.11
Mohali,2025-09-27,38.98,83,Rain,scattered clouds,9.76
Rajpura,2025-09-27,27.99,67,Clouds,scattered clouds,4.7
Patiala,2025-09-27,26.67,54,Rain,moderate rain,2.41
Bathinda,2025-09-28,27.68,42,Clear,moderate rain,5.83
Malout,2025-09-28,23.68,49,Clear,light rain,8.99
Mohali,2025-09-28,29.31,62,Rain,light rain,3.23
Rajpura,2025-09-28,39.47,74,Clear,moderate rain,8.69
Patiala,2025-09-28,26.25,47,Rain,overcast clouds,5.67
Bathinda,2025-09-29,31.78,54,Clouds,light rain,8.34
Malout,2025-09-29,34.85,89,Clouds,overcast clouds,9.17
Mohali,2025-09-29,33.69,77,Clear,light rain,2.08
Rajpura,2025-09-29,22.22,55,Rain,overcast clouds,8.89
Patiala,2025-09-29,34.97,44,Clear,light rain,3.98
Bathinda,2025-09-30,21.22,47,Rain,moderate rain,2.49
Malout,2025-09-30,36.54,85,Rain,moderate rain,10.0
Mohali,2025-09-30,33.5,50,Clouds,scattered clouds,9.34
Rajpura,2025-09-30,27.77,52,Clouds,clear sky,6.16
Patiala,2025-09-30,33.86,87,Clear,moderate rain,6.12
